Date,Equal Weight
2002-01-01,707.9
2002-01-02,734.825
2002-01-03,736.28
2002-01-04,751.11
2002-01-07,756.19
2002-01-08,744.13
2002-01-09,756.555
2002-01-10,745.765
2002-01-11,738.78
2002-01-14,747.565
2002-01-15,725.27
2002-01-16,720.025
2002-01-17,718.2
2002-01-18,714.335
2002-01-21,723.625
2002-01-22,731.83
2002-01-23,746.46
2002-01-24,753.905
2002-01-25,769.69
2002-01-28,790.07
2002-01-29,782.465
2002-01-30,755.725
2002-01-31,760.835
2002-02-01,751.11
2002-02-04,736.505
2002-02-05,741.705
2002-02-06,744.475
2002-02-07,726.105
2002-02-08,734.23
2002-02-11,734.23
2002-02-12,734.23
2002-02-13,734.23
2002-02-14,774.04
2002-02-15,768.295
2002-02-18,775.435
2002-02-19,770.385
2002-02-20,766.795
2002-02-21,775.31
2002-02-22,781.3
2002-02-25,781.29
2002-02-26,785.57
2002-02-27,798.755
2002-02-28,803.545
2002-03-01,803.545
2002-03-04,832.305
2002-03-05,839.075
2002-03-06,842.23
2002-03-07,833.37
2002-03-08,833.085
2002-03-11,846.21
2002-03-12,856.015
2002-03-13,859.365
2002-03-14,865.88
2002-03-15,876.93
2002-03-18,893.755
2002-03-19,907.89
2002-03-20,902.04
2002-03-21,902.02
2002-03-22,919.49
2002-03-25,907.855
2002-03-26,903.315
2002-03-27,916.73
2002-03-28,905.585
2002-03-29,911.44
2002-04-01,876.415
2002-04-02,894.77
2002-04-03,898.645
2002-04-04,900.005
2002-04-05,900.005
2002-04-08,890.295
2002-04-09,875.385
2002-04-10,845.715
2002-04-11,854.48
2002-04-12,859.045
2002-04-15,876.24
2002-04-16,883.195
2002-04-17,902.405
2002-04-18,907.205
2002-04-19,891.37
2002-04-22,872.695
2002-04-23,867.95
2002-04-24,855.245
2002-04-25,814.94
2002-04-26,818.725
2002-04-29,787.755
2002-04-30,787.87
2002-05-01,787.87
2002-05-02,811.48
2002-05-03,810.76
2002-05-06,790.935
2002-05-07,787.27
2002-05-08,806.235
2002-05-09,809.435
2002-05-10,793.915
2002-05-13,794.095
2002-05-14,801.985
2002-05-15,823.01
2002-05-16,818.97
2002-05-17,834.865
2002-05-20,829.64
2002-05-21,802.03
2002-05-22,818.63
2002-05-23,800.405
2002-05-24,805.135
2002-05-27,792.235
2002-05-28,794.75
2002-05-29,779.945
2002-05-30,759.705
2002-05-31,747.1
2002-06-03,751.465
2002-06-04,752.565
2002-06-05,760.045
2002-06-06,760.045
2002-06-07,746.18
2002-06-10,762.2
2002-06-11,764.465
2002-06-12,773.53
2002-06-13,773.53
2002-06-14,768.755
2002-06-17,756.88
2002-06-18,755.6
2002-06-19,719.485
2002-06-20,717.255
2002-06-21,718.315
2002-06-24,703.51
2002-06-25,687.36
2002-06-26,634.085
2002-06-27,641.365
2002-06-28,675.61
2002-07-01,675.61
2002-07-02,678.365
2002-07-03,687.43
2002-07-04,702.92
2002-07-05,718.815
2002-07-08,718.125
2002-07-09,735.545
2002-07-10,734.605
2002-07-11,710.54
2002-07-12,730.565
2002-07-15,720.46
2002-07-16,706.825
2002-07-17,706.825
2002-07-18,709.275
2002-07-19,693.01
2002-07-22,656.85
2002-07-23,679.81
2002-07-24,658.405
2002-07-25,662.91
2002-07-26,640.57
2002-07-29,637.875
2002-07-30,657.84
2002-07-31,652.095
2002-08-01,646
2002-08-02,638.34
2002-08-05,614.08
2002-08-06,609.04
2002-08-07,616.385
2002-08-08,624.595
2002-08-09,627.375
2002-08-12,631.145
2002-08-13,643.865
2002-08-14,645.32
2002-08-15,645.32
2002-08-16,650.145
2002-08-19,650.49
2002-08-20,664.1
2002-08-21,670.26
2002-08-22,672.925
2002-08-23,669.505
2002-08-26,664.395
2002-08-27,657.985
2002-08-28,655.275
2002-08-29,654.67
2002-08-30,663.75
2002-09-02,673.69
2002-09-03,665.345
2002-09-04,652.025
2002-09-05,650.79
2002-09-06,635.465
2002-09-09,617.245
2002-09-10,627.85
2002-09-11,636.855
2002-09-12,645.96
2002-09-13,630.485
2002-09-16,619.44
2002-09-17,639.5
2002-09-18,620.835
2002-09-19,620.46
2002-09-20,620.46
2002-09-23,598.865
2002-09-24,588.19
2002-09-25,572.93
2002-09-26,574.355
2002-09-27,574.46
2002-09-30,556.76
2002-10-01,563.715
2002-10-02,561.6
2002-10-03,561.6
2002-10-04,565.56
2002-10-07,547.7
2002-10-08,552.82
2002-10-09,539.12
2002-10-10,510.72
2002-10-11,512.105
2002-10-14,536.385
2002-10-15,551.635
2002-10-16,555.525
2002-10-17,564.48
2002-10-18,586.445
2002-10-21,569.635
2002-10-22,557.835
2002-10-23,572.465
2002-10-24,567.09
2002-10-25,567.24
2002-10-28,585.92
2002-10-29,582.59
2002-10-30,570.415
2002-10-31,569.71
2002-11-01,562.025
2002-11-04,577.24
2002-11-05,572.5
2002-11-06,586.03
2002-11-07,583.935
2002-11-08,579.375
2002-11-11,566.19
2002-11-12,563.015
2002-11-13,562.075
2002-11-14,561.325
2002-11-15,576.525
2002-11-18,572.465
2002-11-19,575.17
2002-11-20,581.05
2002-11-21,585.54
2002-11-22,588.735
2002-11-25,598.68
2002-11-26,597.735
2002-11-27,605.935
2002-11-28,612.57
2002-11-29,621.9
2002-12-02,629.83
2002-12-03,637.185
2002-12-04,615.9
2002-12-05,625.73
2002-12-06,625.295
2002-12-09,619.455
2002-12-10,614.07
2002-12-11,612.305
2002-12-12,624.59
2002-12-13,621.765
2002-12-16,607.46
2002-12-17,615.845
2002-12-18,616.76
2002-12-19,616.76
2002-12-20,613.52
2002-12-23,591.39
2002-12-24,579.06
2002-12-25,579.06
2002-12-26,572.545
2002-12-27,559.86
2002-12-30,535.575
2002-12-31,535.575
2003-01-01,535.575
2003-01-02,550.585
2003-01-03,572.25
2003-01-06,577.005
2003-01-07,564.5
2003-01-08,566.66
2003-01-09,555.5
2003-01-10,549.18
2003-01-13,566.78
2003-01-14,569.275
2003-01-15,568.195
2003-01-16,567.095
2003-01-17,557.48
2003-01-20,553.9
2003-01-21,550.18
2003-01-22,538.995
2003-01-23,541.49
2003-01-24,526.015
2003-01-27,513.545
2003-01-28,519.03
2003-01-29,504.275
2003-01-30,512.88
2003-01-31,512.88
2003-02-03,520.705
2003-02-04,523.49
2003-02-05,520.84
2003-02-06,512.45
2003-02-07,502.59
2003-02-10,499.925
2003-02-11,498.74
2003-02-12,503.795
2003-02-13,498.935
2003-02-14,499.52
2003-02-17,521.535
2003-02-18,521.325
2003-02-19,518.715
2003-02-20,521.705
2003-02-21,519.3
2003-02-24,527.545
2003-02-25,508.275
2003-02-26,508.03
2003-02-27,505.33
2003-02-28,496.615
2003-03-03,505.32
2003-03-04,493.19
2003-03-05,476.93
2003-03-06,468.615
2003-03-07,456.46
2003-03-10,453.12
2003-03-11,443.415
2003-03-12,450.055
2003-03-13,446.24
2003-03-14,453.875
2003-03-17,430.82
2003-03-18,451.155
2003-03-19,454.74
2003-03-20,479.93
2003-03-21,488.385
2003-03-24,482.625
2003-03-25,467.34
2003-03-26,470.545
2003-03-27,467.08
2003-03-28,474.565
2003-03-31,456.7
2003-04-01,460.53
2003-04-02,465.31
2003-04-03,466.47
2003-04-04,476.055
2003-04-07,498.55
2003-04-08,499.61
2003-04-09,487.185
2003-04-10,492.915
2003-04-11,496.885
2003-04-14,507.05
2003-04-15,517.295
2003-04-16,531.77
2003-04-17,526.06
2003-04-18,536.535
2003-04-21,537.715
2003-04-22,523.86
2003-04-23,518.795
2003-04-24,509.425
2003-04-25,487.765
2003-04-28,488.76
2003-04-29,513.93
2003-04-30,513.675
2003-05-01,513.675
2003-05-02,515.17
2003-05-05,515.17
2003-05-06,518.465
2003-05-07,527.19
2003-05-08,527.19
2003-05-09,528.405
2003-05-12,540.32
2003-05-13,527.285
2003-05-14,525.035
2003-05-15,530.375
2003-05-16,525.305
2003-05-19,513.73
2003-05-20,520.84
2003-05-21,521.135
2003-05-22,519.64
2003-05-23,533.905
2003-05-26,545.025
2003-05-27,543.4
2003-05-28,549.33
2003-05-29,551.665
2003-05-30,552.61
2003-06-02,562.705
2003-06-03,551.42
2003-06-04,556.985
2003-06-05,557.49
2003-06-06,557.49
2003-06-09,566.125
2003-06-10,565.775
2003-06-11,567.095
2003-06-12,575.275
2003-06-13,581.37
2003-06-16,579.01
2003-06-17,590.48
2003-06-18,590.625
2003-06-19,599.545
2003-06-20,597.11
2003-06-23,584.095
2003-06-24,576.705
2003-06-25,583.565
2003-06-26,582.925
2003-06-27,587.04
2003-06-30,583.715
2003-07-01,588.225
2003-07-02,596.6
2003-07-03,597.515
2003-07-04,604.575
2003-07-07,618.195
2003-07-08,619.67
2003-07-09,620.25
2003-07-10,614.205
2003-07-11,614.825
2003-07-14,625.65
2003-07-15,617.075
2003-07-16,619.34
2003-07-17,619.34
2003-07-18,602.675
2003-07-21,594.2
2003-07-22,594.95
2003-07-23,591.67
2003-07-24,595.32
2003-07-25,597.595
2003-07-28,610.8
2003-07-29,611.765
2003-07-30,604.425
2003-07-31,603.41
2003-08-01,611.93
2003-08-04,601.92
2003-08-05,604.52
2003-08-06,595.14
2003-08-07,597.255
2003-08-08,592.87
2003-08-11,593.69
2003-08-12,592.2
2003-08-13,600.79
2003-08-14,607.305
2003-08-15,607.305
2003-08-18,610.5
2003-08-19,615.565
2003-08-20,612.5
2003-08-21,623.27
2003-08-22,622.06
2003-08-25,625.365
2003-08-26,620.45
2003-08-27,623.64
2003-08-28,619.155
2003-08-29,627.435
2003-09-01,634.705
2003-09-02,637.6
2003-09-03,635.96
2003-09-04,632.575
2003-09-05,629.025
2003-09-08,624.275
2003-09-09,629.68
2003-09-10,629.68
2003-09-11,629.68
2003-09-12,629.68
2003-09-15,622.955
2003-09-16,630.065
2003-09-17,631.545
2003-09-18,622.84
2003-09-19,615.975
2003-09-22,587.595
2003-09-23,591.17
2003-09-24,595.9
2003-09-25,585.21
2003-09-26,574.2
2003-09-29,572.28
2003-09-30,573.06
2003-10-01,578.095
2003-10-02,587.22
2003-10-03,587.22
2003-10-06,594.215
2003-10-07,595.595
2003-10-08,591.18
2003-10-09,600.28
2003-10-10,613.945
2003-10-13,616.56
2003-10-14,623.01
2003-10-15,622.815
2003-10-16,629.335
2003-10-17,621.625
2003-10-20,626.72
2003-10-21,628.945
2003-10-22,626.74
2003-10-23,606.57
2003-10-24,604.035
2003-10-27,612.655
2003-10-28,621.93
2003-10-29,622.53
2003-10-30,627.17
2003-10-31,623.08
2003-11-03,629.18
2003-11-04,629.18
2003-11-05,632.755
2003-11-06,619.82
2003-11-07,630.525
2003-11-10,626.83
2003-11-11,621.135
2003-11-12,629.705
2003-11-13,641.405
2003-11-14,639.445
2003-11-17,631.185
2003-11-18,638.035
2003-11-19,616.3
2003-11-20,614.575
2003-11-21,613.74
2003-11-24,595.875
2003-11-25,608.155
2003-11-26,618.775
2003-11-27,617.59
2003-11-28,627.29
2003-12-01,637.945
2003-12-02,639.29
2003-12-03,640.02
2003-12-04,639.415
2003-12-05,630.105
2003-12-08,626.9
2003-12-09,628.075
2003-12-10,630.42
2003-12-11,629.665
2003-12-12,638.59
2003-12-15,649.08
2003-12-16,638.895
2003-12-17,631.745
2003-12-18,633.95
2003-12-19,632.85
2003-12-22,623.02
2003-12-23,618.69
2003-12-24,611.725
2003-12-25,611.725
2003-12-26,610.675
2003-12-29,616.47
2003-12-30,629.705
2003-12-31,629.705
2004-01-01,629.705
2004-01-02,636.33
2004-01-05,638.4
2004-01-06,635.365
2004-01-07,636.585
2004-01-08,634.125
2004-01-09,649.135
2004-01-12,654.395
2004-01-13,652.715
2004-01-14,654.01
2004-01-15,647.83
2004-01-16,646.675
2004-01-19,649.15
2004-01-20,653.535
2004-01-21,653.535
2004-01-22,653.535
2004-01-23,653.535
2004-01-26,658.645
2004-01-27,654.035
2004-01-28,650.525
2004-01-29,647.81
2004-01-30,644.975
2004-02-02,649.7
2004-02-03,638.84
2004-02-04,636.475
2004-02-05,638.895
2004-02-06,643.775
2004-02-09,652.275
2004-02-10,652.88
2004-02-11,658.22
2004-02-12,657.71
2004-02-13,662.545
2004-02-16,663.705
2004-02-17,664.84
2004-02-18,662.56
2004-02-19,663.66
2004-02-20,660.4
2004-02-23,660.705
2004-02-24,649.135
2004-02-25,647.9
2004-02-26,644.715
2004-02-27,656.05
2004-03-01,656.05
2004-03-02,664.925
2004-03-03,665.29
2004-03-04,672.535
2004-03-05,672.795
2004-03-08,669.74
2004-03-09,664.83
2004-03-10,654.71
2004-03-11,652.59
2004-03-12,634.54
2004-03-15,638.76
2004-03-16,636.57
2004-03-17,651.885
2004-03-18,654.115
2004-03-19,659.645
2004-03-22,646.7
2004-03-23,647.365
2004-03-24,644.87
2004-03-25,637.665
2004-03-26,644.985
2004-03-29,653.485
2004-03-30,652.425
2004-03-31,657.33
2004-04-01,660.875
2004-04-02,665.27
2004-04-05,665.27
2004-04-06,680.78
2004-04-07,683.805
2004-04-08,688.695
2004-04-09,681.68
2004-04-12,689.615
2004-04-13,686.03
2004-04-14,685.255
2004-04-15,685.255
2004-04-16,676.505
2004-04-19,679.98
2004-04-20,691.96
2004-04-21,699.38
2004-04-22,699.945
2004-04-23,712.095
2004-04-26,705.635
2004-04-27,701.81
2004-04-28,690.265
2004-04-29,665.725
2004-04-30,658.155
2004-05-03,659.49
2004-05-04,663.14
2004-05-05,663.14
2004-05-06,637.505
2004-05-07,637.495
2004-05-10,599.045
2004-05-11,596.245
2004-05-12,617.515
2004-05-13,602.61
2004-05-14,586.695
2004-05-17,552.365
2004-05-18,562.05
2004-05-19,587.53
2004-05-20,576.555
2004-05-21,589.685
2004-05-24,600.1
2004-05-25,588.74
2004-05-26,588.74
2004-05-27,600.15
2004-05-28,609.05
2004-05-31,602.38
2004-06-01,610.835
2004-06-02,606.11
2004-06-03,582.495
2004-06-04,589.295
2004-06-07,607.01
2004-06-08,605.66
2004-06-09,597.58
2004-06-10,591.195
2004-06-11,569.645
2004-06-14,557.235
2004-06-15,565.685
2004-06-16,564.525
2004-06-17,567.555
2004-06-18,555.965
2004-06-21,559.21
2004-06-22,556.38
2004-06-23,550.05
2004-06-24,564.77
2004-06-25,575.485
2004-06-28,571.49
2004-06-29,577.695
2004-06-30,585.485
2004-07-01,580.935
2004-07-02,565.775
2004-07-05,566.615
2004-07-06,566.91
2004-07-07,567.265
2004-07-08,555.27
2004-07-09,558.8
2004-07-12,557.42
2004-07-13,559.61
2004-07-14,549.095
2004-07-15,545.215
2004-07-16,549.06
2004-07-19,555.44
2004-07-20,545.63
2004-07-21,556.13
2004-07-22,547.16
2004-07-23,543.855
2004-07-26,540.28
2004-07-27,540.005
2004-07-28,542.26
2004-07-29,529.525
2004-07-30,533.275
2004-08-02,522.385
2004-08-03,526.05
2004-08-04,527.06
2004-08-05,538.58
2004-08-06,532.81
2004-08-09,538.015
2004-08-10,543.74
2004-08-11,545.4
2004-08-12,555.075
2004-08-13,561.055
2004-08-16,560.06
2004-08-17,558.345
2004-08-18,559.865
2004-08-19,569.975
2004-08-20,569.135
2004-08-23,569.85
2004-08-24,573.23
2004-08-25,580.145
2004-08-26,584.5
2004-08-27,584.04
2004-08-30,579.33
2004-08-31,579.615
2004-09-01,591.55
2004-09-02,596.68
2004-09-03,594.11
2004-09-06,596.185
2004-09-07,592.745
2004-09-08,590.52
2004-09-09,594.345
2004-09-10,603.325
2004-09-13,613.25
2004-09-14,611.705
2004-09-15,611.445
2004-09-16,613.38
2004-09-17,609.58
2004-09-20,614.9
2004-09-21,614.67
2004-09-22,599.555
2004-09-23,594.605
2004-09-24,597.175
2004-09-27,597.175
2004-09-28,597.175
2004-09-29,597.175
2004-09-30,598.585
2004-10-01,605.83
2004-10-04,626.25
2004-10-05,629.235
2004-10-06,629.89
2004-10-07,627.925
2004-10-08,625.56
2004-10-11,627.525
2004-10-12,613.6
2004-10-13,614.36
2004-10-14,608.29
2004-10-15,605.61
2004-10-18,608.315
2004-10-19,612.905
2004-10-20,595.63
2004-10-21,589.44
2004-10-22,593.72
2004-10-25,580.815
2004-10-26,583.575
2004-10-27,580.305
2004-10-28,594.555
2004-10-29,595.94
2004-11-01,597.585
2004-11-02,603.71
2004-11-03,611.82
2004-11-04,606.235
2004-11-05,611.69
2004-11-08,603.145
2004-11-09,602.21
2004-11-10,611.26
2004-11-11,612.1
2004-11-12,622.735
2004-11-15,627.62
2004-11-16,623.755
2004-11-17,630.655
2004-11-18,624.2
2004-11-19,619.78
2004-11-22,609.775
2004-11-23,616.81
2004-11-24,623.365
2004-11-25,623.165
2004-11-26,613.83
2004-11-29,617.83
2004-11-30,625.745
2004-12-01,626.48
2004-12-02,631.72
2004-12-03,630.635
2004-12-06,624.515
2004-12-07,618.98
2004-12-08,623.51
2004-12-09,618.405
2004-12-10,608.465
2004-12-13,608.165
2004-12-14,611.07
2004-12-15,624.08
2004-12-16,626.96
2004-12-17,628.285
2004-12-20,633.51
2004-12-21,631.645
2004-12-22,631.96
2004-12-23,626.765
2004-12-24,627.52
2004-12-27,625.72
2004-12-28,624.6
2004-12-29,628.535
2004-12-30,638.125
2004-12-31,638.125
2005-01-03,642.055
2005-01-04,639.95
2005-01-05,642.435
2005-01-06,637.715
2005-01-07,639.505
2005-01-10,646.445
2005-01-11,650.425
2005-01-12,647.33
2005-01-13,654.3
2005-01-14,666.75
2005-01-17,684.56
2005-01-18,684.795
2005-01-19,685.93
2005-01-20,680
2005-01-21,690.115
2005-01-24,697.93
2005-01-25,691.195
2005-01-26,697.745
2005-01-27,695.66
2005-01-28,695.06
2005-01-31,702.825
2005-02-01,698.215
2005-02-02,693.74
2005-02-03,695.285
2005-02-04,699.53
2005-02-07,715.295
2005-02-08,715.295
2005-02-09,715.295
2005-02-10,715.295
2005-02-11,717.055
2005-02-14,734.015
2005-02-15,738.485
2005-02-16,742.405
2005-02-17,743.8
2005-02-18,747.38
2005-02-21,748.66
2005-02-22,736.315
2005-02-23,729.355
2005-02-24,742.355
2005-02-25,745.91
2005-02-28,754.87
2005-03-01,754.87
2005-03-02,753.015
2005-03-03,754.745
2005-03-04,757.43
2005-03-07,751.41
2005-03-08,741.13
2005-03-09,745.385
2005-03-10,740.665
2005-03-11,756.765
2005-03-14,756.84
2005-03-15,737.575
2005-03-16,738.395
2005-03-17,725.895
2005-03-18,722.6
2005-03-21,721.345
2005-03-22,720.545
2005-03-23,709.86
2005-03-24,702.84
2005-03-25,710.725
2005-03-28,718.755
2005-03-29,706.1
2005-03-30,705.25
2005-03-31,710.355
2005-04-01,722.065
2005-04-04,722.19
2005-04-05,722.19
2005-04-06,725.8
2005-04-07,725.99
2005-04-08,728.035
2005-04-11,724.405
2005-04-12,721.33
2005-04-13,721.105
2005-04-14,704.735
2005-04-15,698.15
2005-04-18,677.365
2005-04-19,685.09
2005-04-20,689.78
2005-04-21,689.485
2005-04-22,691.71
2005-04-25,695.035
2005-04-26,693.225
2005-04-27,683.405
2005-04-28,674.45
2005-04-29,667.85
2005-05-02,672.515
2005-05-03,668.56
2005-05-04,679.38
2005-05-05,679.38
2005-05-06,687.07
2005-05-09,682.405
2005-05-10,682.52
2005-05-11,674.485
2005-05-12,674.74
2005-05-13,677.48
2005-05-16,682.03
2005-05-17,680.84
2005-05-18,683.455
2005-05-19,698.85
2005-05-20,699.025
2005-05-23,700.635
2005-05-24,701.775
2005-05-25,697.235
2005-05-26,700.05
2005-05-27,712.065
2005-05-30,718.645
2005-05-31,720.845
2005-06-01,719.16
2005-06-02,722.975
2005-06-03,728.37
2005-06-06,728.37
2005-06-07,726.77
2005-06-08,730.555
2005-06-09,737.84
2005-06-10,738.685
2005-06-13,738.555
2005-06-14,731.61
2005-06-15,744.2
2005-06-16,746.68
2005-06-17,747.355
2005-06-20,741.925
2005-06-21,737.555
2005-06-22,745.94
2005-06-23,752.86
2005-06-24,748.205
2005-06-27,741.22
2005-06-28,743.79
2005-06-29,748.355
2005-06-30,755.685
2005-07-01,762.765
2005-07-04,767.105
2005-07-05,766.17
2005-07-06,767.71
2005-07-07,773.335
2005-07-08,770.305
2005-07-11,783.265
2005-07-12,783.79
2005-07-13,786.015
2005-07-14,793.15
2005-07-15,792.115
2005-07-18,794.805
2005-07-19,803.055
2005-07-20,798.04
2005-07-21,797.63
2005-07-22,797.865
2005-07-25,809.325
2005-07-26,811.57
2005-07-27,815.815
2005-07-28,826.195
2005-07-29,828.985
2005-08-01,830.405
2005-08-02,830.305
2005-08-03,824.83
2005-08-04,818.01
2005-08-05,800.675
2005-08-08,797.01
2005-08-09,807.655
2005-08-10,812.81
2005-08-11,824.255
2005-08-12,827.93
2005-08-15,827.93
2005-08-16,817.275
2005-08-17,813.26
2005-08-18,798.885
2005-08-19,799.545
2005-08-22,817.51
2005-08-23,818.61
2005-08-24,806.255
2005-08-25,807.46
2005-08-26,799.36
2005-08-29,777.91
2005-08-30,785.285
2005-08-31,793.64
2005-09-01,809.41
2005-09-02,816.455
2005-09-05,818.645
2005-09-06,823.525
2005-09-07,836.76
2005-09-08,837.28
2005-09-09,842.28
2005-09-12,845.235
2005-09-13,843.07
2005-09-14,850.205
2005-09-15,848.02
2005-09-16,855.365
2005-09-19,855.365
2005-09-20,867.26
2005-09-21,869.675
2005-09-22,873.49
2005-09-23,859.77
2005-09-26,878.405
2005-09-27,882.13
2005-09-28,895.41
2005-09-29,899.65
2005-09-30,896.48
2005-10-03,896.48
2005-10-04,915.495
2005-10-05,909.77
2005-10-06,895.505
2005-10-07,895.745
2005-10-10,915.515
2005-10-11,926.925
2005-10-12,911.69
2005-10-13,899.78
2005-10-14,895.105
2005-10-17,881.97
2005-10-18,888.995
2005-10-19,863.16
2005-10-20,868.42
2005-10-21,883.95
2005-10-24,888.39
2005-10-25,887.535
2005-10-26,886.79
2005-10-27,877.325
2005-10-28,860.82
2005-10-31,872.785
2005-11-01,891.885
2005-11-02,907.59
2005-11-03,914.17
2005-11-04,919.705
2005-11-07,920.53
2005-11-08,925.23
2005-11-09,928.155
2005-11-10,935.58
2005-11-11,948.26
2005-11-14,950.12
2005-11-15,948.855
2005-11-16,957.645
2005-11-17,961.425
2005-11-18,966.835
2005-11-21,967.42
2005-11-22,956.105
2005-11-23,982.145
2005-11-24,991.29
2005-11-25,996.72
2005-11-28,999.105
2005-11-29,988.215
2005-11-30,1004.915
2005-12-01,1016.705
2005-12-02,1021.995
2005-12-05,1031.305
2005-12-06,1034.51
2005-12-07,1027.095
2005-12-08,1025.025
2005-12-09,1021.78
2005-12-12,1033.325
2005-12-13,1037.735
2005-12-14,1038.84
2005-12-15,1039.64
2005-12-16,1018.71
2005-12-19,1031.385
2005-12-20,1029.87
2005-12-21,1038.37
2005-12-22,1022.56
2005-12-23,1025.38
2005-12-26,1033.085
2005-12-27,1030.89
2005-12-28,1029.71
2005-12-29,1040.58
2005-12-30,1040.58
2006-01-02,1058.17
2006-01-03,1065.01
2006-01-04,1071.295
2006-01-05,1066.085
2006-01-06,1079.94
2006-01-09,1081.105
2006-01-10,1070.5
2006-01-11,1069.13
2006-01-12,1072.325
2006-01-13,1081.31
2006-01-16,1088.38
2006-01-17,1064.34
2006-01-18,1030.495
2006-01-19,1033.105
2006-01-20,995.045
2006-01-23,949.38
2006-01-24,972.505
2006-01-25,992.28
2006-01-26,1003.135
2006-01-27,1031.125
2006-01-30,1031.125
2006-01-31,1045.035
2006-02-01,1018.58
2006-02-02,1019.44
2006-02-03,987.35
2006-02-06,993.285
2006-02-07,991.175
2006-02-08,977.24
2006-02-09,985.705
2006-02-10,995.42
2006-02-13,987
2006-02-14,990.78
2006-02-15,971.88
2006-02-16,979.685
2006-02-17,991.24
2006-02-20,1002.455
2006-02-21,1003.87
2006-02-22,1000.715
2006-02-23,1014.845
2006-02-24,1019.38
2006-02-27,1028.605
2006-02-28,1026.975
2006-03-01,1026.975
2006-03-02,1023.445
2006-03-03,997
2006-03-06,1007.16
2006-03-07,987.575
2006-03-08,985.565
2006-03-09,988.39
2006-03-10,994.365
2006-03-13,1005.3
2006-03-14,996.68
2006-03-15,998.805
2006-03-16,995.855
2006-03-17,997.005
2006-03-20,1001.3
2006-03-21,997.32
2006-03-22,977.65
2006-03-23,978.755
2006-03-24,982.9
2006-03-27,987.605
2006-03-28,984.36
2006-03-29,986.385
2006-03-30,995.595
2006-03-31,1012.405
2006-04-03,1028.515
2006-04-04,1032.995
2006-04-05,1038.575
2006-04-06,1045.385
2006-04-07,1048.355
2006-04-10,1046.845
2006-04-11,1039.02
2006-04-12,1037.095
2006-04-13,1051.555
2006-04-14,1068.645
2006-04-17,1062.795
2006-04-18,1064.92
2006-04-19,1069.845
2006-04-20,1064.135
2006-04-21,1076.4
2006-04-24,1063.32
2006-04-25,1060.18
2006-04-26,1072.22
2006-04-27,1072.95
2006-04-28,1052.585
2006-05-01,1052.585
2006-05-02,1061.37
2006-05-03,1062.53
2006-05-04,1065.455
2006-05-05,1065.455
2006-05-08,1072.06
2006-05-09,1068.28
2006-05-10,1067.23
2006-05-11,1077.335
2006-05-12,1065.605
2006-05-15,1044.64
2006-05-16,1022.125
2006-05-17,1036.355
2006-05-18,1008.025
2006-05-19,1015.425
2006-05-22,991.145
2006-05-23,985.1
2006-05-24,985.18
2006-05-25,957.98
2006-05-26,978.17
2006-05-29,983.745
2006-05-30,974.1
2006-05-31,974.1
2006-06-01,953.945
2006-06-02,960.94
2006-06-05,950.165
2006-06-06,950.165
2006-06-07,914.875
2006-06-08,891.27
2006-06-09,907.18
2006-06-12,912.75
2006-06-13,886.25
2006-06-14,899.54
2006-06-15,897.54
2006-06-16,924.635
2006-06-19,914.89
2006-06-20,895.305
2006-06-21,896.75
2006-06-22,901.53
2006-06-23,893.995
2006-06-26,899.485
2006-06-27,906.88
2006-06-28,901.16
2006-06-29,919.97
2006-06-30,942.915
2006-07-03,941.915
2006-07-04,935.875
2006-07-05,927.915
2006-07-06,917.015
2006-07-07,923.485
2006-07-10,937.835
2006-07-11,937.71
2006-07-12,937.465
2006-07-13,928.065
2006-07-14,907.395
2006-07-17,907.395
2006-07-18,888.695
2006-07-19,886.73
2006-07-20,913.605
2006-07-21,911.48
2006-07-24,906.015
2006-07-25,916.055
2006-07-26,916.58
2006-07-27,925.96
2006-07-28,926.88
2006-07-31,927.74
2006-08-01,918.785
2006-08-02,923.275
2006-08-03,919.1
2006-08-04,927.13
2006-08-07,917.19
2006-08-08,928.79
2006-08-09,933.625
2006-08-10,929.92
2006-08-11,922.635
2006-08-14,922.485
2006-08-15,922.485
2006-08-16,931.84
2006-08-17,939.795
2006-08-18,941.505
2006-08-21,936.27
2006-08-22,944.525
2006-08-23,939.59
2006-08-24,933.745
2006-08-25,942.88
2006-08-28,942.085
2006-08-29,952.705
2006-08-30,953.225
2006-08-31,962.785
2006-09-01,967.2
2006-09-04,972.915
2006-09-05,977.035
2006-09-06,974.755
2006-09-07,971.405
2006-09-08,976.285
2006-09-11,963.02
2006-09-12,958.34
2006-09-13,962.79
2006-09-14,979.85
2006-09-15,983.66
2006-09-18,993.845
2006-09-19,994.375
2006-09-20,989.785
2006-09-21,989.38
2006-09-22,973.9
2006-09-25,976.25
2006-09-26,967.8
2006-09-27,977.745
2006-09-28,985.67
2006-09-29,985.915
2006-10-02,985.605
2006-10-03,985.605
2006-10-04,969.66
2006-10-05,969.66
2006-10-06,969.66
2006-10-09,929.25
2006-10-10,941.535
2006-10-11,940.485
2006-10-12,950.015
2006-10-13,961.41
2006-10-16,969.38
2006-10-17,964.165
2006-10-18,966.255
2006-10-19,965.745
2006-10-20,973.445
2006-10-23,975.87
2006-10-24,975.89
2006-10-25,979.43
2006-10-26,980.46
2006-10-27,977.595
2006-10-30,968.105
2006-10-31,975.325
2006-11-01,984.525
2006-11-02,989.565
2006-11-03,991.335
2006-11-06,989.625
2006-11-07,994.065
2006-11-08,988.34
2006-11-09,1001.12
2006-11-10,999.845
2006-11-13,1000.795
2006-11-14,1007.73
2006-11-15,1009.54
2006-11-16,1010.195
2006-11-17,1011.575
2006-11-20,1005.225
2006-11-21,1006.665
2006-11-22,1018.705
2006-11-23,1018.655
2006-11-24,1019.205
2006-11-27,1020.455
2006-11-28,1012.2
2006-11-29,1019.87
2006-11-30,1027.19
2006-12-01,1027.06
2006-12-04,1022.295
2006-12-05,1020.23
2006-12-06,1014.36
2006-12-07,1012.365
2006-12-08,999.41
2006-12-11,1000.38
2006-12-12,987.22
2006-12-13,990.815
2006-12-14,1012.135
2006-12-15,1017.08
2006-12-18,1024.91
2006-12-19,1020.595
2006-12-20,1028.275
2006-12-21,1022.58
2006-12-22,1019.545
2006-12-25,1019.545
2006-12-26,1012.02
2006-12-27,1008.64
2006-12-28,1020.305
2006-12-29,1020.305
2007-01-01,1020.305
2007-01-02,1021.99
2007-01-03,1006.02
2007-01-04,1000.615
2007-01-05,994.055
2007-01-08,984.32
2007-01-09,988.145
2007-01-10,976.285
2007-01-11,983.125
2007-01-12,998.19
2007-01-15,999.715
2007-01-16,997.605
2007-01-17,988.825
2007-01-18,990.13
2007-01-19,972.09
2007-01-22,970.265
2007-01-23,967.065
2007-01-24,981.665
2007-01-25,982.97
2007-01-26,977.24
2007-01-29,972.79
2007-01-30,975.88
2007-01-31,968.3
2007-02-01,982.68
2007-02-02,1002.43
2007-02-05,1006.28
2007-02-06,1012.4
2007-02-07,1013.425
2007-02-08,1012.7
2007-02-09,1014.785
2007-02-12,1006.74
2007-02-13,1007.575
2007-02-14,1019.44
2007-02-15,1023.9
2007-02-16,1026.94
2007-02-19,1026.94
2007-02-20,1030.22
2007-02-21,1029.77
2007-02-22,1037.91
2007-02-23,1040.355
2007-02-26,1041.52
2007-02-27,1033.06
2007-02-28,1009.135
2007-03-01,1009.135
2007-03-02,1010.73
2007-03-05,985.09
2007-03-06,1002.445
2007-03-07,1008.57
2007-03-08,1017.79
2007-03-09,1018.495
2007-03-12,1030.475
2007-03-13,1028.23
2007-03-14,1010.34
2007-03-15,1025.815
2007-03-16,1029.635
2007-03-19,1043.64
2007-03-20,1044.77
2007-03-21,1043.335
2007-03-22,1047.15
2007-03-23,1044.135
2007-03-26,1045.325
2007-03-27,1047.215
2007-03-28,1038.28
2007-03-29,1048.16
2007-03-30,1050.77
2007-04-02,1055.655
2007-04-03,1059.485
2007-04-04,1072.11
2007-04-05,1073.01
2007-04-06,1075.075
2007-04-09,1085.8
2007-04-10,1086.785
2007-04-11,1095.06
2007-04-12,1103.4
2007-04-13,1103
2007-04-16,1114.565
2007-04-17,1109.41
2007-04-18,1112.265
2007-04-19,1098.255
2007-04-20,1112.32
2007-04-23,1118.18
2007-04-24,1124.155
2007-04-25,1114.605
2007-04-26,1117.53
2007-04-27,1109.02
2007-04-30,1109.06
2007-05-01,1109.06
2007-05-02,1117.685
2007-05-03,1123.195
2007-05-04,1130.59
2007-05-07,1143.61
2007-05-08,1140.45
2007-05-09,1147.46
2007-05-10,1152.06
2007-05-11,1155.765
2007-05-14,1154.8
2007-05-15,1143.45
2007-05-16,1151
2007-05-17,1163.125
2007-05-18,1161.665
2007-05-21,1168.715
2007-05-22,1176.87
2007-05-23,1181.71
2007-05-24,1181.71
2007-05-25,1182.05
2007-05-28,1193.535
2007-05-29,1198.31
2007-05-30,1199.16
2007-05-31,1224.39
2007-06-01,1229.425
2007-06-04,1241.54
2007-06-05,1246.135
2007-06-06,1246.135
2007-06-07,1257.44
2007-06-08,1243.955
2007-06-11,1237.625
2007-06-12,1246.465
2007-06-13,1243.76
2007-06-14,1276.1
2007-06-15,1286.435
2007-06-18,1312.495
2007-06-19,1313.91
2007-06-20,1290.53
2007-06-21,1302.3
2007-06-22,1290.28
2007-06-25,1277.265
2007-06-26,1264.93
2007-06-27,1247.065
2007-06-28,1265.125
2007-06-29,1261.145
2007-07-02,1277.98
2007-07-03,1301.105
2007-07-04,1321.215
2007-07-05,1325.33
2007-07-06,1336.035
2007-07-09,1348.59
2007-07-10,1354.69
2007-07-11,1354.99
2007-07-12,1368.985
2007-07-13,1394.165
2007-07-16,1384.71
2007-07-17,1384.71
2007-07-18,1374.81
2007-07-19,1378.61
2007-07-20,1404.435
2007-07-23,1405.92
2007-07-24,1402.865
2007-07-25,1411.91
2007-07-26,1390.41
2007-07-27,1337.64
2007-07-30,1350.45
2007-07-31,1372.395
2007-08-01,1322.955
2007-08-02,1319.795
2007-08-03,1337.83
2007-08-06,1325.45
2007-08-07,1330.325
2007-08-08,1355.685
2007-08-09,1360.685
2007-08-10,1308.45
2007-08-13,1317.73
2007-08-14,1292.405
2007-08-15,1292.405
2007-08-16,1190.525
2007-08-17,1155.775
2007-08-20,1226.43
2007-08-21,1232.03
2007-08-22,1250.465
2007-08-23,1277.995
2007-08-24,1272.745
2007-08-27,1281.83
2007-08-28,1294.87
2007-08-29,1292.415
2007-08-30,1303.65
2007-08-31,1324.185
2007-09-03,1330.35
2007-09-04,1325.25
2007-09-05,1319.565
2007-09-06,1332.855
2007-09-07,1330.375
2007-09-10,1298.295
2007-09-11,1307.34
2007-09-12,1285.675
2007-09-13,1307.705
2007-09-14,1326.645
2007-09-17,1328.215
2007-09-18,1307.03
2007-09-19,1343.66
2007-09-20,1345.465
2007-09-21,1353.835
2007-09-24,1353.835
2007-09-25,1353.835
2007-09-26,1353.835
2007-09-27,1368.705
2007-09-28,1370.52
2007-10-01,1382.895
2007-10-02,1412.205
2007-10-03,1412.205
2007-10-04,1409.16
2007-10-05,1404.77
2007-10-08,1414.645
2007-10-09,1413.465
2007-10-10,1429.69
2007-10-11,1438.065
2007-10-12,1416.565
2007-10-15,1424.66
2007-10-16,1399.245
2007-10-17,1382.08
2007-10-18,1398.645
2007-10-19,1378.515
2007-10-22,1336.355
2007-10-23,1368.49
2007-10-24,1357.575
2007-10-25,1385.225
2007-10-26,1413.56
2007-10-29,1435.115
2007-10-30,1428.68
2007-10-31,1437.46
2007-11-01,1436.32
2007-11-02,1408.5
2007-11-05,1405.205
2007-11-06,1427.58
2007-11-07,1418.635
2007-11-08,1379.605
2007-11-09,1384.755
2007-11-12,1339.075
2007-11-13,1344.74
2007-11-14,1368.365
2007-11-15,1349.505
2007-11-16,1340.745
2007-11-19,1322.13
2007-11-20,1305.855
2007-11-21,1267.16
2007-11-22,1260.53
2007-11-23,1236.78
2007-11-26,1288.37
2007-11-27,1292.67
2007-11-28,1279.115
2007-11-29,1306.24
2007-11-30,1323.92
2007-12-03,1319.68
2007-12-04,1332.68
2007-12-05,1344.075
2007-12-06,1352.37
2007-12-07,1340.985
2007-12-10,1322.805
2007-12-11,1329.7
2007-12-12,1328.485
2007-12-13,1324.79
2007-12-14,1310.29
2007-12-17,1271.155
2007-12-18,1285.47
2007-12-19,1285.47
2007-12-20,1272.53
2007-12-21,1287.89
2007-12-24,1309.1
2007-12-25,1309.1
2007-12-26,1299.37
2007-12-27,1304.135
2007-12-28,1300.68
2007-12-31,1300.68
2008-01-01,1300.68
2008-01-02,1280.285
2008-01-03,1283.365
2008-01-04,1291.575
2008-01-07,1271.455
2008-01-08,1267.77
2008-01-09,1278.59
2008-01-10,1269.07
2008-01-11,1240.755
2008-01-14,1227.235
2008-01-15,1210.1
2008-01-16,1178.165
2008-01-17,1187.73
2008-01-18,1200.52
2008-01-21,1167.715
2008-01-22,1111.91
2008-01-23,1124.2
2008-01-24,1150.99
2008-01-25,1173.095
2008-01-28,1130.855
2008-01-29,1135.29
2008-01-30,1096.085
2008-01-31,1116.76
2008-02-01,1123.55
2008-02-04,1164.255
2008-02-05,1169.46
2008-02-06,1169.46
2008-02-07,1169.46
2008-02-08,1169.46
2008-02-11,1135.305
2008-02-12,1139.79
2008-02-13,1133.835
2008-02-14,1173.49
2008-02-15,1173.17
2008-02-18,1175.475
2008-02-19,1190.635
2008-02-20,1170.335
2008-02-21,1179.385
2008-02-22,1169.785
2008-02-25,1181.48
2008-02-26,1182.78
2008-02-27,1187.97
2008-02-28,1197.725
2008-02-29,1183.78
2008-03-03,1158.12
2008-03-04,1160.785
2008-03-05,1161.265
2008-03-06,1174.995
2008-03-07,1153.86
2008-03-10,1123.885
2008-03-11,1134.31
2008-03-12,1145.06
2008-03-13,1118.715
2008-03-14,1108.985
2008-03-17,1087.56
2008-03-18,1094.425
2008-03-19,1117.18
2008-03-20,1116.355
2008-03-21,1130.81
2008-03-24,1137.45
2008-03-25,1151.575
2008-03-26,1154.025
2008-03-27,1152.925
2008-03-28,1169.25
2008-03-31,1174.22
2008-04-01,1172.855
2008-04-02,1195.055
2008-04-03,1206.445
2008-04-04,1207.49
2008-04-07,1213.83
2008-04-08,1203.27
2008-04-09,1203.27
2008-04-10,1208.66
2008-04-11,1215.79
2008-04-14,1193.87
2008-04-15,1192.02
2008-04-16,1200.135
2008-04-17,1205.135
2008-04-18,1207.825
2008-04-21,1225.27
2008-04-22,1219.035
2008-04-23,1225.735
2008-04-24,1224.065
2008-04-25,1239.69
2008-04-28,1235.385
2008-04-29,1227.955
2008-04-30,1236.245
2008-05-01,1236.245
2008-05-02,1252.035
2008-05-05,1252.035
2008-05-06,1255.985
2008-05-07,1249.815
2008-05-08,1248.645
2008-05-09,1238.495
2008-05-12,1238.495
2008-05-13,1249.12
2008-05-14,1247.945
2008-05-15,1269.625
2008-05-16,1270.72
2008-05-19,1269.01
2008-05-20,1261.625
2008-05-21,1246.495
2008-05-22,1241.285
2008-05-23,1238.47
2008-05-26,1220.84
2008-05-27,1234.805
2008-05-28,1223.3
2008-05-29,1244.01
2008-05-30,1252.085
2008-06-02,1249.32
2008-06-03,1231.53
2008-06-04,1239.83
2008-06-05,1238.2
2008-06-06,1238.2
2008-06-09,1222.98
2008-06-10,1200.195
2008-06-11,1205.17
2008-06-12,1181.78
2008-06-13,1184.75
2008-06-16,1190.92
2008-06-17,1181.56
2008-06-18,1194.48
2008-06-19,1175.855
2008-06-20,1170.08
2008-06-23,1160.65
2008-06-24,1155.6
2008-06-25,1159.755
2008-06-26,1160.2
2008-06-27,1139.54
2008-06-30,1132.555
2008-07-01,1123.615
2008-07-02,1090.195
2008-07-03,1076.515
2008-07-04,1058.12
2008-07-07,1056.945
2008-07-08,1024.695
2008-07-09,1020.835
2008-07-10,1034.52
2008-07-11,1055.235
2008-07-14,1049.87
2008-07-15,1016.175
2008-07-16,1014.12
2008-07-17,1026.685
2008-07-18,1016.26
2008-07-21,1047.085
2008-07-22,1045.48
2008-07-23,1063.995
2008-07-24,1086.395
2008-07-25,1070.595
2008-07-28,1071.17
2008-07-29,1051.28
2008-07-30,1058.115
2008-07-31,1067.055
2008-08-01,1054.765
2008-08-04,1034.77
2008-08-05,1027.32
2008-08-06,1052.23
2008-08-07,1045.575
2008-08-08,1047.13
2008-08-11,1054.105
2008-08-12,1051.79
2008-08-13,1042.22
2008-08-14,1047.5
2008-08-15,1047.5
2008-08-18,1042.375
2008-08-19,1024.61
2008-08-20,1022.795
2008-08-21,1003.87
2008-08-22,990.19
2008-08-25,993.24
2008-08-26,983.655
2008-08-27,984.29
2008-08-28,972.115
2008-08-29,972.26
2008-09-01,926.82
2008-09-02,912.64
2008-09-03,926.63
2008-09-04,932.435
2008-09-05,923.165
2008-09-08,968.035
2008-09-09,954.66
2008-09-10,957.99
2008-09-11,949.01
2008-09-12,972.415
2008-09-15,972.415
2008-09-16,908.52
2008-09-17,935.095
2008-09-18,913.09
2008-09-19,951.12
2008-09-22,950.735
2008-09-23,963.545
2008-09-24,972.39
2008-09-25,976.33
2008-09-26,962.335
2008-09-29,951.205
2008-09-30,944.415
2008-10-01,940.31
2008-10-02,925.875
2008-10-03,925.875
2008-10-06,882.57
2008-10-07,884.025
2008-10-08,829.08
2008-10-09,832.365
2008-10-10,795.875
2008-10-13,828.35
2008-10-14,882.005
2008-10-15,865.28
2008-10-16,784.105
2008-10-17,766.425
2008-10-20,780.36
2008-10-21,773.535
2008-10-22,735.06
2008-10-23,679.33
2008-10-24,607.715
2008-10-27,603.82
2008-10-28,635.795
2008-10-29,617.28
2008-10-30,690.385
2008-10-31,710.545
2008-11-03,727.32
2008-11-04,744.42
2008-11-05,761.175
2008-11-06,702.09
2008-11-07,730.015
2008-11-10,742.315
2008-11-11,727.235
2008-11-12,723.55
2008-11-13,699.995
2008-11-14,702.855
2008-11-17,696.65
2008-11-18,670.71
2008-11-19,657.115
2008-11-20,610.875
2008-11-21,646.925
2008-11-24,627.32
2008-11-25,635.355
2008-11-26,662.645
2008-11-27,683.92
2008-11-28,691.775
2008-12-01,683.41
2008-12-02,661.39
2008-12-03,662.055
2008-12-04,652.73
2008-12-05,665.145
2008-12-08,710.88
2008-12-09,712.045
2008-12-10,735.01
2008-12-11,741.46
2008-12-12,711.945
2008-12-15,746.67
2008-12-16,749.705
2008-12-17,754.29
2008-12-18,758.105
2008-12-19,761.71
2008-12-22,762.825
2008-12-23,741.535
2008-12-24,731.12
2008-12-25,731.12
2008-12-26,725.06
2008-12-29,723.385
2008-12-30,728.26
2008-12-31,728.26
2009-01-01,728.26
2009-01-02,748.58
2009-01-05,758.17
2009-01-06,771.345
2009-01-07,792.15
2009-01-08,781.11
2009-01-09,769.72
2009-01-12,754.05
2009-01-13,761.42
2009-01-14,773.655
2009-01-15,727.345
2009-01-16,744.9
2009-01-19,756.89
2009-01-20,742.5
2009-01-21,728.02
2009-01-22,737.405
2009-01-23,723.115
2009-01-26,723.115
2009-01-27,723.115
2009-01-28,759.83
2009-01-29,765.27
2009-01-30,763.505
2009-02-02,756.36
2009-02-03,767.74
2009-02-04,787.125
2009-02-05,775.685
2009-02-06,794.525
2009-02-09,789.76
2009-02-10,789.565
2009-02-11,786.795
2009-02-12,782.88
2009-02-13,794.065
2009-02-16,789.17
2009-02-17,755.18
2009-02-18,751.63
2009-02-19,745.885
2009-02-20,716.545
2009-02-23,737.56
2009-02-24,716.995
2009-02-25,714.58
2009-02-26,706.72
2009-02-27,713.12
2009-03-02,684.26
2009-03-03,686.665
2009-03-04,709.58
2009-03-05,710.17
2009-03-06,710.105
2009-03-09,725.23
2009-03-10,735.06
2009-03-11,756.6
2009-03-12,757.49
2009-03-13,757.65
2009-03-16,756.615
2009-03-17,779.27
2009-03-18,784.275
2009-03-19,777.875
2009-03-20,785.825
2009-03-23,804.365
2009-03-24,817.045
2009-03-25,824.155
2009-03-26,835.535
2009-03-27,829.375
2009-03-30,804.735
2009-03-31,813.85
2009-04-01,832.165
2009-04-02,858.405
2009-04-03,861.455
2009-04-06,872.895
2009-04-07,879.335
2009-04-08,861.45
2009-04-09,898.9
2009-04-10,914.65
2009-04-13,922.745
2009-04-14,925.655
2009-04-15,917.645
2009-04-16,917.12
2009-04-17,906.4
2009-04-20,914.165
2009-04-21,917
2009-04-22,932.96
2009-04-23,941.445
2009-04-24,930.8
2009-04-27,922.9
2009-04-28,889.805
2009-04-29,916.445
2009-04-30,935.17
2009-05-01,935.17
2009-05-04,952.465
2009-05-05,952.465
2009-05-06,951.735
2009-05-07,957.515
2009-05-08,964.98
2009-05-11,969.535
2009-05-12,964.845
2009-05-13,975.235
2009-05-14,958.865
2009-05-15,967.635
2009-05-18,965.845
2009-05-19,990.99
2009-05-20,999.135
2009-05-21,990.4
2009-05-22,978.92
2009-05-25,971.49
2009-05-26,954.29
2009-05-27,943.175
2009-05-28,956.64
2009-05-29,962.345
2009-06-01,977.33
2009-06-02,975.77
2009-06-03,978.07
2009-06-04,953.07
2009-06-05,961.91
2009-06-08,961.205
2009-06-09,944.9
2009-06-10,967.62
2009-06-11,969.995
2009-06-12,976.425
2009-06-15,966.025
2009-06-16,960.04
2009-06-17,954.27
2009-06-18,944.49
2009-06-19,946.805
2009-06-22,956.42
2009-06-23,929.285
2009-06-24,929.395
2009-06-25,948.38
2009-06-26,948.935
2009-06-29,940.045
2009-06-30,937.61
2009-07-01,951.415
2009-07-02,953.74
2009-07-03,960.93
2009-07-06,967.18
2009-07-07,971.48
2009-07-08,968.355
2009-07-09,966.845
2009-07-10,961.945
2009-07-13,927.085
2009-07-14,930.905
2009-07-15,953.765
2009-07-16,957.25
2009-07-17,962.985
2009-07-20,986.065
2009-07-21,992.45
2009-07-22,995.905
2009-07-23,997.19
2009-07-24,1001.305
2009-07-27,1014.35
2009-07-28,1015.095
2009-07-29,1012.945
2009-07-30,1018.82
2009-07-31,1030.82
2009-08-03,1037.77
2009-08-04,1037.545
2009-08-05,1034.23
2009-08-06,1037.15
2009-08-07,1044.35
2009-08-10,1046.405
2009-08-11,1049.365
2009-08-12,1043.985
2009-08-13,1048.175
2009-08-14,1061.265
2009-08-17,1032.445
2009-08-18,1030.885
2009-08-19,1028.08
2009-08-20,1046.58
2009-08-21,1046.56
2009-08-24,1061.79
2009-08-25,1056.035
2009-08-26,1065.54
2009-08-27,1056.465
2009-08-28,1064.065
2009-08-31,1053.275
2009-09-01,1069.665
2009-09-02,1065.445
2009-09-03,1065.24
2009-09-04,1063.86
2009-09-07,1067.09
2009-09-08,1073.27
2009-09-09,1063.985
2009-09-10,1084.845
2009-09-11,1089.98
2009-09-14,1080.895
2009-09-15,1092.49
2009-09-16,1107.445
2009-09-17,1111.8
2009-09-18,1115.62
2009-09-21,1114.3
2009-09-22,1127.925
2009-09-23,1120.225
2009-09-24,1106.325
2009-09-25,1104
2009-09-28,1093.58
2009-09-29,1101.125
2009-09-30,1089.54
2009-10-01,1073.59
2009-10-02,1073.59
2009-10-05,1052.365
2009-10-06,1046.43
2009-10-07,1044.685
2009-10-08,1056.21
2009-10-09,1076.54
2009-10-12,1075.01
2009-10-13,1068.65
2009-10-14,1080.565
2009-10-15,1084.725
2009-10-16,1074.31
2009-10-19,1079.01
2009-10-20,1084.455
2009-10-21,1081.24
2009-10-22,1067.055
2009-10-23,1072.04
2009-10-26,1080.94
2009-10-27,1075.915
2009-10-28,1049.265
2009-10-29,1034.095
2009-10-30,1033.575
2009-11-02,1019.17
2009-11-03,1014.34
2009-11-04,1031.9
2009-11-05,1015.85
2009-11-06,1027.58
2009-11-09,1030.62
2009-11-10,1032.62
2009-11-11,1040.22
2009-11-12,1028.68
2009-11-13,1026.78
2009-11-16,1034.105
2009-11-17,1028.965
2009-11-18,1038.255
2009-11-19,1048.155
2009-11-20,1050.015
2009-11-23,1049.425
2009-11-24,1040.905
2009-11-25,1044.22
2009-11-26,1036.67
2009-11-27,988.085
2009-11-30,1009.96
2009-12-01,1019.38
2009-12-02,1033.8
2009-12-03,1047.76
2009-12-04,1054.195
2009-12-07,1059.845
2009-12-08,1056.86
2009-12-09,1060.475
2009-12-10,1071.09
2009-12-11,1076.055
2009-12-14,1083.31
2009-12-15,1084.58
2009-12-16,1085.625
2009-12-17,1078.97
2009-12-18,1080.41
2009-12-21,1081.16
2009-12-22,1084.16
2009-12-23,1084.895
2009-12-24,1096.765
2009-12-25,1096.765
2009-12-28,1095.83
2009-12-29,1089.045
2009-12-30,1098.17
2009-12-31,1098.17
2010-01-01,1098.17
2010-01-04,1112.115
2010-01-05,1111.855
2010-01-06,1122.22
2010-01-07,1109.485
2010-01-08,1117.11
2010-01-11,1117.26
2010-01-12,1118.375
2010-01-13,1102.935
2010-01-14,1114.05
2010-01-15,1125.885
2010-01-18,1132.44
2010-01-19,1129.68
2010-01-20,1129.25
2010-01-21,1135.52
2010-01-22,1115.505
2010-01-25,1102.21
2010-01-26,1079.705
2010-01-27,1070.955
2010-01-28,1079.915
2010-01-29,1049.5
2010-02-01,1054.22
2010-02-02,1050.25
2010-02-03,1065.17
2010-02-04,1066.325
2010-02-05,1032.245
2010-02-08,1020.1
2010-02-09,1030.845
2010-02-10,1030.7
2010-02-11,1047.91
2010-02-12,1048.77
2010-02-15,1048.77
2010-02-16,1055
2010-02-17,1071.295
2010-02-18,1067.26
2010-02-19,1049.145
2010-02-22,1069.675
2010-02-23,1071.4
2010-02-24,1063.435
2010-02-25,1046.07
2010-02-26,1050.805
2010-03-01,1050.805
2010-03-02,1061.54
2010-03-03,1066.035
2010-03-04,1062.895
2010-03-05,1072.925
2010-03-08,1088.835
2010-03-09,1089.475
2010-03-10,1090.455
2010-03-11,1087.095
2010-03-12,1091.09
2010-03-15,1083.625
2010-03-16,1084.445
2010-03-17,1102.92
2010-03-18,1099.74
2010-03-19,1106.845
2010-03-22,1099.87
2010-03-23,1104.12
2010-03-24,1100.405
2010-03-25,1104.315
2010-03-26,1111.19
2010-03-29,1105.025
2010-03-30,1109.12
2010-03-31,1104.295
2010-04-01,1119.18
2010-04-02,1119.22
2010-04-05,1115.06
2010-04-06,1116.24
2010-04-07,1118.75
2010-04-08,1123.535
2010-04-09,1118.31
2010-04-12,1108.985
2010-04-13,1108.56
2010-04-14,1122.51
2010-04-15,1126.26
2010-04-16,1121.455
2010-04-19,1104
2010-04-20,1114.265
2010-04-21,1131.785
2010-04-22,1127.995
2010-04-23,1126.77
2010-04-26,1134.94
2010-04-27,1134.395
2010-04-28,1125.88
2010-04-29,1123.815
2010-04-30,1132.655
2010-05-03,1120.495
2010-05-04,1118.87
2010-05-05,1118.87
2010-05-06,1096.97
2010-05-07,1073.605
2010-05-10,1094.895
2010-05-11,1091.23
2010-05-12,1087.58
2010-05-13,1108.56
2010-05-14,1110.305
2010-05-17,1080.88
2010-05-18,1073.88
2010-05-19,1065.265
2010-05-20,1040.62
2010-05-21,1040.62
2010-05-24,1040.63
2010-05-25,1005.395
2010-05-26,1022.56
2010-05-27,1040.41
2010-05-28,1050.905
2010-05-31,1065.335
2010-06-01,1059.595
2010-06-02,1059.595
2010-06-03,1078.79
2010-06-04,1078.92
2010-06-07,1060.545
2010-06-08,1070.91
2010-06-09,1067.11
2010-06-10,1071.665
2010-06-11,1083.295
2010-06-14,1091.65
2010-06-15,1092.555
2010-06-16,1100.645
2010-06-17,1101.55
2010-06-18,1103.59
2010-06-21,1119.02
2010-06-22,1114.065
2010-06-23,1110.385
2010-06-24,1119.505
2010-06-25,1113.98
2010-06-28,1115.39
2010-06-29,1097.65
2010-06-30,1094.135
2010-07-01,1087.915
2010-07-02,1078.755
2010-07-05,1080.76
2010-07-06,1086.175
2010-07-07,1081.03
2010-07-08,1093.8
2010-07-09,1107.58
2010-07-12,1115.375
2010-07-13,1116.435
2010-07-14,1128.99
2010-07-15,1126.51
2010-07-16,1118.665
2010-07-19,1115.22
2010-07-20,1118.245
2010-07-21,1122.755
2010-07-22,1110.125
2010-07-23,1120.875
2010-07-26,1128.605
2010-07-27,1128.025
2010-07-28,1130.11
2010-07-29,1126.72
2010-07-30,1120.39
2010-08-02,1132.125
2010-08-03,1136.27
2010-08-04,1134.425
2010-08-05,1130.165
2010-08-06,1131.15
2010-08-09,1137.02
2010-08-10,1131.645
2010-08-11,1116.665
2010-08-12,1096.365
2010-08-13,1111.705
2010-08-16,1109.695
2010-08-17,1116.34
2010-08-18,1120.16
2010-08-19,1130.205
2010-08-20,1127.96
2010-08-23,1122.425
2010-08-24,1117.75
2010-08-25,1101.3
2010-08-26,1097.145
2010-08-27,1095.54
2010-08-30,1113.11
2010-08-31,1103.73
2010-09-01,1117.22
2010-09-02,1124.365
2010-09-03,1129.16
2010-09-06,1137.62
2010-09-07,1133.97
2010-09-08,1128.91
2010-09-09,1133.11
2010-09-10,1143.53
2010-09-13,1151.175
2010-09-14,1148.52
2010-09-15,1152.58
2010-09-16,1146.235
2010-09-17,1155.3
2010-09-20,1158.23
2010-09-21,1158.23
2010-09-22,1158.23
2010-09-23,1158.23
2010-09-24,1165.875
2010-09-27,1173.56
2010-09-28,1171.855
2010-09-29,1178.03
2010-09-30,1182.78
2010-10-01,1185.895
2010-10-04,1186.535
2010-10-05,1186.245
2010-10-06,1200.64
2010-10-07,1198.495
2010-10-08,1197.075
2010-10-11,1193.355
2010-10-12,1181.06
2010-10-13,1187.635
2010-10-14,1202.175
2010-10-15,1205.94
2010-10-18,1195.805
2010-10-19,1185.955
2010-10-20,1195.325
2010-10-21,1198.675
2010-10-22,1210.215
2010-10-25,1220.785
2010-10-26,1223.025
2010-10-27,1219.065
2010-10-28,1217.615
2010-10-29,1204.7
2010-11-01,1221.36
2010-11-02,1220.985
2010-11-03,1230.93
2010-11-04,1237.015
2010-11-05,1233.81
2010-11-08,1235.44
2010-11-09,1237.195
2010-11-10,1248.06
2010-11-11,1219.39
2010-11-12,1211.235
2010-11-15,1209.32
2010-11-16,1201.085
2010-11-17,1201.425
2010-11-18,1220.995
2010-11-19,1229
2010-11-22,1230.16
2010-11-23,1220.26
2010-11-24,1215.65
2010-11-25,1217.98
2010-11-26,1197.68
2010-11-29,1194.935
2010-11-30,1201.51
2010-12-01,1215.9
2010-12-02,1228.1
2010-12-03,1229.695
2010-12-06,1228.09
2010-12-07,1233.505
2010-12-08,1229.26
2010-12-09,1247.705
2010-12-10,1247.67
2010-12-13,1255
2010-12-14,1262.025
2010-12-15,1266.085
2010-12-16,1260.475
2010-12-17,1268.52
2010-12-20,1259.115
2010-12-21,1271.88
2010-12-22,1271.56
2010-12-23,1269.96
2010-12-24,1264.615
2010-12-27,1259.435
2010-12-28,1264.135
2010-12-29,1272.9
2010-12-30,1280.845
2010-12-31,1280.845
2011-01-03,1294.065
2011-01-04,1303.245
2011-01-05,1303.18
2011-01-06,1302.625
2011-01-07,1308.52
2011-01-10,1307.395
2011-01-11,1310.995
2011-01-12,1315.19
2011-01-13,1311.875
2011-01-14,1321.685
2011-01-17,1316.43
2011-01-18,1312.75
2011-01-19,1324.33
2011-01-20,1320.01
2011-01-21,1297.835
2011-01-24,1304.625
2011-01-25,1304.815
2011-01-26,1317.585
2011-01-27,1321.82
2011-01-28,1317.665
2011-01-31,1295.555
2011-02-01,1298.265
2011-02-02,1298.265
2011-02-03,1298.265
2011-02-04,1298.265
2011-02-07,1306.415
2011-02-08,1300.585
2011-02-09,1285.66
2011-02-10,1265.6
2011-02-11,1247.46
2011-02-14,1267.47
2011-02-15,1265.7
2011-02-16,1254.595
2011-02-17,1244.15
2011-02-18,1265.845
2011-02-21,1262.945
2011-02-22,1240.99
2011-02-23,1234.395
2011-02-24,1225.495
2011-02-25,1236.38
2011-02-28,1221.88
2011-03-01,1221.88
2011-03-02,1215.85
2011-03-03,1240.8
2011-03-04,1261.735
2011-03-07,1249.52
2011-03-08,1260.655
2011-03-09,1262.085
2011-03-10,1251.875
2011-03-11,1237.045
2011-03-14,1237.105
2011-03-15,1206.68
2011-03-16,1225.165
2011-03-17,1223.42
2011-03-18,1237.96
2011-03-21,1254.975
2011-03-22,1260.73
2011-03-23,1261.175
2011-03-24,1275.24
2011-03-25,1284.305
2011-03-28,1284.565
2011-03-29,1293.16
2011-03-30,1305.795
2011-03-31,1316.06
2011-04-01,1326.535
2011-04-04,1325.385
2011-04-05,1334.045
2011-04-06,1330.345
2011-04-07,1328.555
2011-04-08,1331.085
2011-04-11,1327.75
2011-04-12,1307.255
2011-04-13,1325.31
2011-04-14,1336.265
2011-04-15,1337.54
2011-04-18,1333.12
2011-04-19,1324.65
2011-04-20,1351.08
2011-04-21,1364.06
2011-04-22,1361.54
2011-04-25,1372.3
2011-04-26,1363.99
2011-04-27,1362.545
2011-04-28,1361.51
2011-04-29,1351.68
2011-05-02,1372.86
2011-05-03,1356.62
2011-05-04,1345.585
2011-05-05,1345.585
2011-05-06,1326.935
2011-05-09,1321.77
2011-05-10,1321.77
2011-05-11,1335.905
2011-05-12,1313.555
2011-05-13,1313.68
2011-05-16,1305.125
2011-05-17,1302.065
2011-05-18,1317.36
2011-05-19,1291.27
2011-05-20,1298.87
2011-05-23,1264.325
2011-05-24,1268.04
2011-05-25,1253.55
2011-05-26,1285.935
2011-05-27,1291.73
2011-05-30,1287.155
2011-05-31,1313.505
2011-06-01,1312.285
2011-06-02,1296.015
2011-06-03,1294.785
2011-06-06,1294.785
2011-06-07,1286.255
2011-06-08,1276.25
2011-06-09,1272.445
2011-06-10,1256.79
2011-06-13,1253.445
2011-06-14,1269.56
2011-06-15,1275.68
2011-06-16,1253.585
2011-06-17,1245.63
2011-06-20,1238.44
2011-06-21,1253.87
2011-06-22,1263.835
2011-06-23,1260.24
2011-06-24,1282.235
2011-06-27,1272.86
2011-06-28,1268.78
2011-06-29,1285.495
2011-06-30,1290.12
2011-07-01,1304.925
2011-07-04,1317.3
2011-07-05,1327.06
2011-07-06,1332.065
2011-07-07,1338.055
2011-07-08,1338.585
2011-07-11,1327.765
2011-07-12,1300.18
2011-07-13,1312.305
2011-07-14,1313.625
2011-07-15,1326.1
2011-07-18,1324.205
2011-07-19,1327.345
2011-07-20,1340.78
2011-07-21,1334.79
2011-07-22,1351.235
2011-07-25,1340.19
2011-07-26,1352.275
2011-07-27,1356.215
2011-07-28,1347.195
2011-07-29,1334.63
2011-08-01,1358.35
2011-08-02,1329.665
2011-08-03,1299.085
2011-08-04,1270.27
2011-08-05,1219.65
2011-08-08,1166.07
2011-08-09,1117.115
2011-08-10,1129.895
2011-08-11,1143.34
2011-08-12,1133.73
2011-08-15,1133.73
2011-08-16,1188.05
2011-08-17,1199.555
2011-08-18,1184.19
2011-08-19,1109.765
2011-08-22,1088.3
2011-08-23,1128.215
2011-08-24,1114.535
2011-08-25,1118.04
2011-08-26,1126.13
2011-08-29,1156.385
2011-08-30,1166.155
2011-08-31,1186.775
2011-09-01,1185.46
2011-09-02,1181.11
2011-09-05,1133.13
2011-09-06,1116.03
2011-09-07,1156.315
2011-09-08,1160.97
2011-09-09,1141.935
2011-09-12,1141.935
2011-09-13,1141.935
2011-09-14,1100.73
2011-09-15,1114.515
2011-09-16,1153.97
2011-09-19,1141.89
2011-09-20,1154.04
2011-09-21,1165.895
2011-09-22,1135.98
2011-09-23,1071.975
2011-09-26,1031.13
2011-09-27,1084.56
2011-09-28,1078.645
2011-09-29,1106.275
2011-09-30,1109.655
2011-10-03,1109.655
2011-10-04,1071.16
2011-10-05,1043.85
2011-10-06,1070.75
2011-10-07,1101.205
2011-10-10,1110.175
2011-10-11,1127.04
2011-10-12,1138.575
2011-10-13,1148.33
2011-10-14,1154.645
2011-10-17,1175.28
2011-10-18,1161.165
2011-10-19,1172.045
2011-10-20,1137.535
2011-10-21,1159.8
2011-10-24,1195.675
2011-10-25,1190.67
2011-10-26,1195.91
2011-10-27,1209.54
2011-10-28,1210.035
2011-10-31,1199.86
2011-11-01,1200.995
2011-11-02,1195.75
2011-11-03,1178.935
2011-11-04,1215.605
2011-11-07,1214.435
2011-11-08,1205.125
2011-11-09,1208.47
2011-11-10,1151.01
2011-11-11,1181.765
2011-11-14,1206.45
2011-11-15,1197.225
2011-11-16,1176.825
2011-11-17,1191.605
2011-11-18,1171.13
2011-11-21,1159.195
2011-11-22,1165.985
2011-11-23,1136.795
2011-11-24,1142.27
2011-11-25,1127.975
2011-11-28,1150.82
2011-11-29,1174.625
2011-11-30,1170.16
2011-12-01,1206.255
2011-12-02,1207.185
2011-12-05,1214.36
2011-12-06,1202.705
2011-12-07,1212.55
2011-12-08,1210.52
2011-12-09,1191.175
2011-12-12,1207.49
2011-12-13,1187.68
2011-12-14,1183.065
2011-12-15,1158.435
2011-12-16,1172.27
2011-12-19,1127.27
2011-12-20,1141.335
2011-12-21,1174.525
2011-12-22,1174.515
2011-12-23,1184.79
2011-12-26,1179.035
2011-12-27,1166.83
2011-12-28,1160.17
2011-12-29,1162.96
2011-12-30,1162.96
2012-01-02,1166.58
2012-01-03,1194.62
2012-01-04,1191.26
2012-01-05,1192.85
2012-01-06,1181.04
2012-01-09,1173.385
2012-01-10,1189.48
2012-01-11,1182.065
2012-01-12,1192.455
2012-01-13,1199.405
2012-01-16,1189.56
2012-01-17,1206.16
2012-01-18,1202.795
2012-01-19,1215.335
2012-01-20,1231.03
2012-01-23,1231.03
2012-01-24,1231.03
2012-01-25,1231.85
2012-01-26,1236.815
2012-01-27,1240.32
2012-01-30,1225.44
2012-01-31,1234.89
2012-02-01,1239.245
2012-02-02,1253.19
2012-02-03,1247.465
2012-02-06,1245.115
2012-02-07,1250.33
2012-02-08,1262.34
2012-02-09,1269.445
2012-02-10,1261.19
2012-02-13,1269.465
2012-02-14,1269
2012-02-15,1281.59
2012-02-16,1266.375
2012-02-17,1281.805
2012-02-20,1282.615
2012-02-21,1283.65
2012-02-22,1286.425
2012-02-23,1274.465
2012-02-24,1282.015
2012-02-27,1264.75
2012-02-28,1272.02
2012-02-29,1286.275
2012-03-01,1286.275
2012-03-02,1289.3
2012-03-05,1277.9
2012-03-06,1266.99
2012-03-07,1257.315
2012-03-08,1268.26
2012-03-09,1278.925
2012-03-12,1269.305
2012-03-13,1281.75
2012-03-14,1291.97
2012-03-15,1291.035
2012-03-16,1287.11
2012-03-19,1293.415
2012-03-20,1288.85
2012-03-21,1280.58
2012-03-22,1277.01
2012-03-23,1277.15
2012-03-26,1271.29
2012-03-27,1280.75
2012-03-28,1275.65
2012-03-29,1264.31
2012-03-30,1266.8
2012-04-02,1275.545
2012-04-03,1282.555
2012-04-04,1260.79
2012-04-05,1266.055
2012-04-06,1266.22
2012-04-09,1241.94
2012-04-10,1239.59
2012-04-11,1239.59
2012-04-12,1236.17
2012-04-13,1254.185
2012-04-16,1246.86
2012-04-17,1242.84
2012-04-18,1254.08
2012-04-19,1250.89
2012-04-20,1236.105
2012-04-23,1233.825
2012-04-24,1225.52
2012-04-25,1222.73
2012-04-26,1220.33
2012-04-27,1227.215
2012-04-30,1230.44
2012-05-01,1230.44
2012-05-02,1242.305
2012-05-03,1241.275
2012-05-04,1239.84
2012-05-07,1221.725
2012-05-08,1230.805
2012-05-09,1220.925
2012-05-10,1219.6
2012-05-11,1205.395
2012-05-14,1201.13
2012-05-15,1189.73
2012-05-16,1152.77
2012-05-17,1156.685
2012-05-18,1115.57
2012-05-21,1124.01
2012-05-22,1145.07
2012-05-23,1132.26
2012-05-24,1135.095
2012-05-25,1143.285
2012-05-28,1143.285
2012-05-29,1159.965
2012-05-30,1157.24
2012-05-31,1157.705
2012-06-01,1153.32
2012-06-04,1116.985
2012-06-05,1129.265
2012-06-06,1129.265
2012-06-07,1157.065
2012-06-08,1148.815
2012-06-11,1168.315
2012-06-12,1163.355
2012-06-13,1165.14
2012-06-14,1171.755
2012-06-15,1162.955
2012-06-18,1183.485
2012-06-19,1185.065
2012-06-20,1194.335
2012-06-21,1187.165
2012-06-22,1166.29
2012-06-25,1154.91
2012-06-26,1151.075
2012-06-27,1150.34
2012-06-28,1152.545
2012-06-29,1171.585
2012-07-02,1171.04
2012-07-03,1180.865
2012-07-04,1185.13
2012-07-05,1186.415
2012-07-06,1177.705
2012-07-09,1165.68
2012-07-10,1160.895
2012-07-11,1159.16
2012-07-12,1135.885
2012-07-13,1148.605
2012-07-16,1150.645
2012-07-17,1151.285
2012-07-18,1133.895
2012-07-19,1150.82
2012-07-20,1152.38
2012-07-23,1130.84
2012-07-24,1131.105
2012-07-25,1112.015
2012-07-26,1120.165
2012-07-27,1146.94
2012-07-30,1154.625
2012-07-31,1174.8
2012-08-01,1174.23
2012-08-02,1168.015
2012-08-03,1156.98
2012-08-06,1177.745
2012-08-07,1179.2
2012-08-08,1187.325
2012-08-09,1207.32
2012-08-10,1210.955
2012-08-13,1205.42
2012-08-14,1218.85
2012-08-15,1218.85
2012-08-16,1221.615
2012-08-17,1216.9
2012-08-20,1218.22
2012-08-21,1217.47
2012-08-22,1214.04
2012-08-23,1220.94
2012-08-24,1208.66
2012-08-27,1205.85
2012-08-28,1207.93
2012-08-29,1216.93
2012-08-30,1206.01
2012-08-31,1206.735
2012-09-03,1212.58
2012-09-04,1207.27
2012-09-05,1189.71
2012-09-06,1193.98
2012-09-07,1220.225
2012-09-10,1218.405
2012-09-11,1217.21
2012-09-12,1233.775
2012-09-13,1235.585
2012-09-14,1263.36
2012-09-17,1260.675
2012-09-18,1264.24
2012-09-19,1267.97
2012-09-20,1259.195
2012-09-21,1266.93
2012-09-24,1267.86
2012-09-25,1257.185
2012-09-26,1250.575
2012-09-27,1253.495
2012-09-28,1259.995
2012-10-01,1259.995
2012-10-02,1261.795
2012-10-03,1261.795
2012-10-04,1262.06
2012-10-05,1265.495
2012-10-08,1259.84
2012-10-09,1259.735
2012-10-10,1241.04
2012-10-11,1234.02
2012-10-12,1236.56
2012-10-15,1227.46
2012-10-16,1235.885
2012-10-17,1241.685
2012-10-18,1236.64
2012-10-19,1231.325
2012-10-22,1232.295
2012-10-23,1225.48
2012-10-24,1219.155
2012-10-25,1221.375
2012-10-26,1198.465
2012-10-29,1193.2
2012-10-30,1200.945
2012-10-31,1210.185
2012-11-01,1203.635
2012-11-02,1216.045
2012-11-05,1211.68
2012-11-06,1222.85
2012-11-07,1228
2012-11-08,1216.725
2012-11-09,1212.155
2012-11-12,1211.15
2012-11-13,1201.75
2012-11-14,1198.64
2012-11-15,1182.28
2012-11-16,1171.91
2012-11-19,1185.62
2012-11-20,1193.42
2012-11-21,1188.115
2012-11-22,1198.265
2012-11-23,1205.075
2012-11-26,1202.375
2012-11-27,1209.415
2012-11-28,1203.63
2012-11-29,1215.79
2012-11-30,1216.135
2012-12-03,1219.495
2012-12-04,1218.945
2012-12-05,1221.77
2012-12-06,1218.825
2012-12-07,1223.335
2012-12-10,1223.505
2012-12-11,1223.105
2012-12-12,1230.385
2012-12-13,1246.46
2012-12-14,1243.345
2012-12-17,1234.275
2012-12-18,1238.14
2012-12-19,1238.14
2012-12-20,1239.355
2012-12-21,1229.24
2012-12-24,1232.79
2012-12-25,1232.79
2012-12-26,1232.505
2012-12-27,1239.715
2012-12-28,1246.685
2012-12-31,1246.685
2013-01-01,1246.685
2013-01-02,1266.355
2013-01-03,1259.24
2013-01-04,1258.39
2013-01-07,1259.985
2013-01-08,1253.475
2013-01-09,1251.875
2013-01-10,1260.64
2013-01-11,1256.045
2013-01-14,1260.24
2013-01-15,1245.88
2013-01-16,1242.565
2013-01-17,1240.31
2013-01-18,1250.045
2013-01-21,1250.76
2013-01-22,1256.555
2013-01-23,1246.835
2013-01-24,1236.555
2013-01-25,1226.76
2013-01-28,1221.955
2013-01-29,1230.655
2013-01-30,1233.615
2013-01-31,1232.805
2013-02-01,1230.55
2013-02-04,1227.265
2013-02-05,1218.17
2013-02-06,1219.375
2013-02-07,1216.775
2013-02-08,1227.92
2013-02-11,1227.92
2013-02-12,1224.755
2013-02-13,1242.03
2013-02-14,1246.07
2013-02-15,1247.88
2013-02-18,1250.215
2013-02-19,1254.16
2013-02-20,1275.165
2013-02-21,1269.83
2013-02-22,1273.625
2013-02-25,1268.395
2013-02-26,1264.285
2013-02-27,1268.7
2013-02-28,1281.18
2013-03-01,1281.18
2013-03-04,1275.265
2013-03-05,1280.285
2013-03-06,1282.55
2013-03-07,1272.85
2013-03-08,1274.555
2013-03-11,1271.895
2013-03-12,1268.61
2013-03-13,1274.73
2013-03-14,1277.855
2013-03-15,1270.655
2013-03-18,1254.635
2013-03-19,1264.285
2013-03-20,1252.835
2013-03-21,1247.69
2013-03-22,1249.98
2013-03-25,1263.615
2013-03-26,1266.8
2013-03-27,1271.08
2013-03-28,1273.08
2013-03-29,1279.955
2013-04-01,1274.98
2013-04-02,1269.49
2013-04-03,1270.59
2013-04-04,1257.34
2013-04-05,1237.37
2013-04-08,1223.735
2013-04-09,1224.445
2013-04-10,1235.21
2013-04-11,1247.05
2013-04-12,1235.71
2013-04-15,1237.22
2013-04-16,1240.58
2013-04-17,1241.19
2013-04-18,1225.58
2013-04-19,1224.105
2013-04-22,1236.705
2013-04-23,1236.5
2013-04-24,1249.56
2013-04-25,1255.5
2013-04-26,1254.955
2013-04-29,1254.53
2013-04-30,1263.91
2013-05-01,1263.91
2013-05-02,1258.845
2013-05-03,1265.52
2013-05-06,1264.305
2013-05-07,1264.015
2013-05-08,1266.575
2013-05-09,1276.4
2013-05-10,1257.225
2013-05-13,1257.21
2013-05-14,1264.65
2013-05-15,1268.455
2013-05-16,1276.435
2013-05-17,1276.435
2013-05-20,1274.875
2013-05-21,1276.89
2013-05-22,1284.04
2013-05-23,1269.265
2013-05-24,1273.755
2013-05-27,1278.765
2013-05-28,1285.99
2013-05-29,1293.445
2013-05-30,1290.615
2013-05-31,1289.46
2013-06-03,1279.49
2013-06-04,1275.53
2013-06-05,1254.14
2013-06-06,1254.14
2013-06-07,1229.8
2013-06-10,1239.85
2013-06-11,1234.275
2013-06-12,1228.055
2013-06-13,1211.775
2013-06-14,1212.64
2013-06-17,1203.8
2013-06-18,1217.44
2013-06-19,1209.86
2013-06-20,1188.04
2013-06-21,1171.86
2013-06-24,1153.83
2013-06-25,1130.795
2013-06-26,1138.26
2013-06-27,1173.475
2013-06-28,1191.19
2013-07-01,1191.77
2013-07-02,1190.97
2013-07-03,1172.985
2013-07-04,1182.18
2013-07-05,1179.355
2013-07-08,1166.35
2013-07-09,1174.845
2013-07-10,1169.9
2013-07-11,1202.425
2013-07-12,1201.225
2013-07-15,1203.415
2013-07-16,1202.04
2013-07-17,1214.655
2013-07-18,1208.52
2013-07-19,1206.64
2013-07-22,1210.745
2013-07-23,1222.895
2013-07-24,1227.84
2013-07-25,1225.775
2013-07-26,1228.06
2013-07-29,1220.435
2013-07-30,1231.74
2013-07-31,1234.17
2013-08-01,1235.13
2013-08-02,1237.57
2013-08-05,1236.41
2013-08-06,1231.99
2013-08-07,1216.53
2013-08-08,1219.635
2013-08-09,1217.82
2013-08-12,1217.54
2013-08-13,1231.94
2013-08-14,1237.39
2013-08-15,1237.39
2013-08-16,1234.45
2013-08-19,1234.065
2013-08-20,1212.71
2013-08-21,1199
2013-08-22,1183.38
2013-08-23,1199.675
2013-08-26,1210.795
2013-08-27,1205.115
2013-08-28,1200.98
2013-08-29,1213.955
2013-08-30,1221.55
2013-09-02,1224.995
2013-09-03,1229.815
2013-09-04,1229.595
2013-09-05,1239.855
2013-09-06,1239.54
2013-09-09,1247.89
2013-09-10,1258.605
2013-09-11,1266.595
2013-09-12,1266.82
2013-09-13,1262.605
2013-09-16,1269.785
2013-09-17,1266.345
2013-09-18,1266.345
2013-09-19,1266.345
2013-09-20,1266.345
2013-09-23,1268.24
2013-09-24,1267.195
2013-09-25,1262.665
2013-09-26,1270.075
2013-09-27,1274.65
2013-09-30,1265.925
2013-10-01,1264.61
2013-10-02,1265.745
2013-10-03,1265.745
2013-10-04,1264.495
2013-10-07,1261.43
2013-10-08,1265.795
2013-10-09,1265.795
2013-10-10,1265.22
2013-10-11,1278.75
2013-10-14,1275.965
2013-10-15,1287.04
2013-10-16,1280.145
2013-10-17,1281.065
2013-10-18,1289.045
2013-10-21,1291.175
2013-10-22,1294.005
2013-10-23,1280.565
2013-10-24,1288.86
2013-10-25,1284.205
2013-10-28,1291.56
2013-10-29,1292.835
2013-10-30,1298.63
2013-10-31,1281.265
2013-11-01,1287.08
2013-11-04,1279.405
2013-11-05,1271.33
2013-11-06,1269.83
2013-11-07,1262.345
2013-11-08,1250.305
2013-11-11,1240.12
2013-11-12,1253.105
2013-11-13,1234.58
2013-11-14,1239.655
2013-11-15,1259.19
2013-11-18,1260.175
2013-11-19,1268.57
2013-11-20,1260.7
2013-11-21,1247.415
2013-11-22,1255.145
2013-11-25,1261.87
2013-11-26,1266.59
2013-11-27,1270.23
2013-11-28,1280.645
2013-11-29,1280.965
2013-12-02,1271.735
2013-12-03,1258.76
2013-12-04,1246.54
2013-12-05,1245.545
2013-12-06,1243.365
2013-12-09,1251.305
2013-12-10,1245.585
2013-12-11,1236.375
2013-12-12,1231.785
2013-12-13,1228.635
2013-12-16,1224.67
2013-12-17,1225.945
2013-12-18,1230.14
2013-12-19,1229.91
2013-12-20,1235.88
2013-12-23,1243.26
2013-12-24,1246.335
2013-12-25,1246.335
2013-12-26,1244.085
2013-12-27,1249.525
2013-12-30,1255.665
2013-12-31,1255.665
2014-01-01,1255.665
2014-01-02,1231.735
2014-01-03,1222.735
2014-01-06,1226.95
2014-01-07,1232.15
2014-01-08,1234.37
2014-01-09,1228.855
2014-01-10,1224.365
2014-01-13,1230.92
2014-01-14,1229.17
2014-01-15,1234.625
2014-01-16,1237.575
2014-01-17,1231.29
2014-01-20,1236.885
2014-01-21,1242.44
2014-01-22,1246.745
2014-01-23,1235.155
2014-01-24,1230.435
2014-01-27,1208.925
2014-01-28,1213.11
2014-01-29,1228.175
2014-01-30,1228.175
2014-01-31,1228.175
2014-02-03,1216.79
2014-02-04,1197.205
2014-02-05,1198.47
2014-02-06,1208.88
2014-02-07,1218.475
2014-02-10,1220.885
2014-02-11,1225.48
2014-02-12,1228.24
2014-02-13,1224.39
2014-02-14,1231.43
2014-02-17,1234.18
2014-02-18,1236.165
2014-02-19,1236.4
2014-02-20,1228.13
2014-02-21,1243.17
2014-02-24,1237.695
2014-02-25,1246.735
2014-02-26,1250
2014-02-27,1253.4
2014-02-28,1254.475
2014-03-03,1247.275
2014-03-04,1242.825
2014-03-05,1254.005
2014-03-06,1257.975
2014-03-07,1259.22
2014-03-10,1248.305
2014-03-11,1255.775
2014-03-12,1235.92
2014-03-13,1240.945
2014-03-14,1232.085
2014-03-17,1231.675
2014-03-18,1240.68
2014-03-19,1239.965
2014-03-20,1230.655
2014-03-21,1240.875
2014-03-24,1245.575
2014-03-25,1240.15
2014-03-26,1254.22
2014-03-27,1259.715
2014-03-28,1262.55
2014-03-31,1263.595
2014-04-01,1270.53
2014-04-02,1277.45
2014-04-03,1275.355
2014-04-04,1274.265
2014-04-07,1271.965
2014-04-08,1273.55
2014-04-09,1275.585
2014-04-10,1281.855
2014-04-11,1276.655
2014-04-14,1279.53
2014-04-15,1277.19
2014-04-16,1279.085
2014-04-17,1278.9
2014-04-18,1287.755
2014-04-21,1284.25
2014-04-22,1287.6
2014-04-23,1282.92
2014-04-24,1279.73
2014-04-25,1264.07
2014-04-28,1263.11
2014-04-29,1260.87
2014-04-30,1260.565
2014-05-01,1260.565
2014-05-02,1259.05
2014-05-05,1259.05
2014-05-06,1259.05
2014-05-07,1245.115
2014-05-08,1248.745
2014-05-09,1253.37
2014-05-12,1258.17
2014-05-13,1270.045
2014-05-14,1285.565
2014-05-15,1285.975
2014-05-16,1285.515
2014-05-19,1280.975
2014-05-20,1277.11
2014-05-21,1276.96
2014-05-22,1281.17
2014-05-23,1283.435
2014-05-26,1279.59
2014-05-27,1272.8
2014-05-28,1283.51
2014-05-29,1280.935
2014-05-30,1270.745
2014-06-02,1268.575
2014-06-03,1269.92
2014-06-04,1269.92
2014-06-05,1259.3
2014-06-06,1259.3
2014-06-09,1257.035
2014-06-10,1272.22
2014-06-11,1273.985
2014-06-12,1273.895
2014-06-13,1263.595
2014-06-16,1264.805
2014-06-17,1269.725
2014-06-18,1263.27
2014-06-19,1264.41
2014-06-20,1252.38
2014-06-23,1252.44
2014-06-24,1261.92
2014-06-25,1254.515
2014-06-26,1262.545
2014-06-27,1259.97
2014-06-30,1269.635
2014-07-01,1271.95
2014-07-02,1282.155
2014-07-03,1280.825
2014-07-04,1281.28
2014-07-07,1279.135
2014-07-08,1280.78
2014-07-09,1278.17
2014-07-10,1281.08
2014-07-11,1272.66
2014-07-14,1277.69
2014-07-15,1285.935
2014-07-16,1284.375
2014-07-17,1289.92
2014-07-18,1289.84
2014-07-21,1290.125
2014-07-22,1296.93
2014-07-23,1295.73
2014-07-24,1293.145
2014-07-25,1298.315
2014-07-28,1300.895
2014-07-29,1301.895
2014-07-30,1312.21
2014-07-31,1306.22
2014-08-01,1307.095
2014-08-04,1315.015
2014-08-05,1307.005
2014-08-06,1304.58
2014-08-07,1300.81
2014-08-08,1287.67
2014-08-11,1292.835
2014-08-12,1293.615
2014-08-13,1307.045
2014-08-14,1310.7
2014-08-15,1310.7
2014-08-18,1307.115
2014-08-19,1316.9
2014-08-20,1317.37
2014-08-21,1303.365
2014-08-22,1311.525
2014-08-25,1312.645
2014-08-26,1318.145
2014-08-27,1321.08
2014-08-28,1323
2014-08-29,1319.37
2014-09-01,1317.405
2014-09-02,1310.16
2014-09-03,1311.3
2014-09-04,1312.58
2014-09-05,1310.89
2014-09-08,1310.89
2014-09-09,1310.89
2014-09-10,1310.89
2014-09-11,1303.93
2014-09-12,1306.255
2014-09-15,1300.795
2014-09-16,1307.64
2014-09-17,1318.795
2014-09-18,1312.355
2014-09-19,1317.6
2014-09-22,1308.31
2014-09-23,1302.235
2014-09-24,1308.03
2014-09-25,1305.795
2014-09-26,1304.65
2014-09-29,1297.935
2014-09-30,1296.655
2014-10-01,1279.265
2014-10-02,1273
2014-10-03,1273
2014-10-06,1267.33
2014-10-07,1267.865
2014-10-08,1265.995
2014-10-09,1265.995
2014-10-10,1248.435
2014-10-13,1230.76
2014-10-14,1236.65
2014-10-15,1235.71
2014-10-16,1232.16
2014-10-17,1224.18
2014-10-20,1243.035
2014-10-21,1236.41
2014-10-22,1250.745
2014-10-23,1247.98
2014-10-24,1243.175
2014-10-27,1245.945
2014-10-28,1243.985
2014-10-29,1261.1
2014-10-30,1258.395
2014-10-31,1261.565
2014-11-03,1252.72
2014-11-04,1238.675
2014-11-05,1235.85
2014-11-06,1234.145
2014-11-07,1239.885
2014-11-10,1248.725
2014-11-11,1254.065
2014-11-12,1256.865
2014-11-13,1254.105
2014-11-14,1243.535
2014-11-17,1237.405
2014-11-18,1251.605
2014-11-19,1253.855
2014-11-20,1248.985
2014-11-21,1254.41
2014-11-24,1260.235
2014-11-25,1263.275
2014-11-26,1264.09
2014-11-27,1264.03
2014-11-28,1262.93
2014-12-01,1252.335
2014-12-02,1253.68
2014-12-03,1257.465
2014-12-04,1267.385
2014-12-05,1268.735
2014-12-08,1265.175
2014-12-09,1258.76
2014-12-10,1243.76
2014-12-11,1226.9
2014-12-12,1227.69
2014-12-15,1229.225
2014-12-16,1219.14
2014-12-17,1216.61
2014-12-18,1212.51
2014-12-19,1232.745
2014-12-22,1239.95
2014-12-23,1236.835
2014-12-24,1241.75
2014-12-25,1241.75
2014-12-26,1241.665
2014-12-29,1233.54
2014-12-30,1229.28
2014-12-31,1229.28
2015-01-01,1229.28
2015-01-02,1240.085
2015-01-05,1238.5
2015-01-06,1220.675
2015-01-07,1222.575
2015-01-08,1235.54
2015-01-09,1248.845
2015-01-12,1247.855
2015-01-13,1244.07
2015-01-14,1243.915
2015-01-15,1247.765
2015-01-16,1232.77
2015-01-19,1240.28
2015-01-20,1250.29
2015-01-21,1252.785
2015-01-22,1249.62
2015-01-23,1262.7
2015-01-26,1263.01
2015-01-27,1270.12
2015-01-28,1277.985
2015-01-29,1272.07
2015-01-30,1270.42
2015-02-02,1271.475
2015-02-03,1272.635
2015-02-04,1280.51
2015-02-05,1276.825
2015-02-06,1279.825
2015-02-09,1270.375
2015-02-10,1264.405
2015-02-11,1273.555
2015-02-12,1271.935
2015-02-13,1282.785
2015-02-16,1284.195
2015-02-17,1285.275
2015-02-18,1285.275
2015-02-19,1285.275
2015-02-20,1285.275
2015-02-23,1291.955
2015-02-24,1298.715
2015-02-25,1303.52
2015-02-26,1305.08
2015-02-27,1305.18
2015-03-02,1309.31
2015-03-03,1313.51
2015-03-04,1314.32
2015-03-05,1314.905
2015-03-06,1324.39
2015-03-09,1311.04
2015-03-10,1303.38
2015-03-11,1300.22
2015-03-12,1299.37
2015-03-13,1310.02
2015-03-16,1311.365
2015-03-17,1332.98
2015-03-18,1328.72
2015-03-19,1334.85
2015-03-20,1338.66
2015-03-23,1338.44
2015-03-24,1341.62
2015-03-25,1346.93
2015-03-26,1332.545
2015-03-27,1329.96
2015-03-30,1338.39
2015-03-31,1345.76
2015-04-01,1339.34
2015-04-02,1339.82
2015-04-03,1351.73
2015-04-06,1354.29
2015-04-07,1356.93
2015-04-08,1363.645
2015-04-09,1367.915
2015-04-10,1384.89
2015-04-13,1394.155
2015-04-14,1398.345
2015-04-15,1407.2
2015-04-16,1419.105
2015-04-17,1425.2
2015-04-20,1426.835
2015-04-21,1429.655
2015-04-22,1423.615
2015-04-23,1432.945
2015-04-24,1425.27
2015-04-27,1428.465
2015-04-28,1422.23
2015-04-29,1419.16
2015-04-30,1408.09
2015-05-01,1408.09
2015-05-04,1405.065
2015-05-05,1405.065
2015-05-06,1385.26
2015-05-07,1382.04
2015-05-08,1383.605
2015-05-11,1394.835
2015-05-12,1391.755
2015-05-13,1403.195
2015-05-14,1409.8
2015-05-15,1405.95
2015-05-18,1408.485
2015-05-19,1413.82
2015-05-20,1426.745
2015-05-21,1419.225
2015-05-22,1429.82
2015-05-25,1429.82
2015-05-26,1426.08
2015-05-27,1403.345
2015-05-28,1409.95
2015-05-29,1413.095
2015-06-01,1409.05
2015-06-02,1391.705
2015-06-03,1380.065
2015-06-04,1388.71
2015-06-05,1387.685
2015-06-08,1390.81
2015-06-09,1393.27
2015-06-10,1384.775
2015-06-11,1386.805
2015-06-12,1382.285
2015-06-15,1374.085
2015-06-16,1367.5
2015-06-17,1376.735
2015-06-18,1383.54
2015-06-19,1388.44
2015-06-22,1394.885
2015-06-23,1410.51
2015-06-24,1416.075
2015-06-25,1419.36
2015-06-26,1420.38
2015-06-29,1396.765
2015-06-30,1408.235
2015-07-01,1429.28
2015-07-02,1438
2015-07-03,1436.835
2015-07-06,1402.97
2015-07-07,1384.965
2015-07-08,1371.215
2015-07-09,1376.91
2015-07-10,1380.945
2015-07-13,1405.49
2015-07-14,1408.175
2015-07-15,1417.25
2015-07-16,1431.145
2015-07-17,1425.01
2015-07-20,1427.975
2015-07-21,1432.805
2015-07-22,1420.65
2015-07-23,1421.03
2015-07-24,1411.11
2015-07-27,1394.925
2015-07-28,1392.17
2015-07-29,1384.045
2015-07-30,1365.945
2015-07-31,1377.61
2015-08-03,1361.415
2015-08-04,1379.01
2015-08-05,1385.51
2015-08-06,1380.515
2015-08-07,1380.86
2015-08-10,1374.755
2015-08-11,1359.455
2015-08-12,1346.335
2015-08-13,1357.41
2015-08-14,1357.41
2015-08-17,1345.265
2015-08-18,1328.03
2015-08-19,1304.965
2015-08-20,1285.63
2015-08-21,1251.56
2015-08-24,1221.57
2015-08-25,1246.03
2015-08-26,1280.765
2015-08-27,1290.855
2015-08-28,1312.815
2015-08-31,1314.3
2015-09-01,1293.585
2015-09-02,1296.62
2015-09-03,1296.89
2015-09-04,1268.245
2015-09-07,1266.01
2015-09-08,1258.45
2015-09-09,1297.435
2015-09-10,1315.2
2015-09-11,1305.62
2015-09-14,1297.17
2015-09-15,1302.155
2015-09-16,1325.965
2015-09-17,1323.77
2015-09-18,1343.065
2015-09-21,1326.79
2015-09-22,1337.865
2015-09-23,1312.46
2015-09-24,1315.49
2015-09-25,1312.775
2015-09-28,1312.775
2015-09-29,1312.775
2015-09-30,1320.645
2015-10-01,1332.055
2015-10-02,1328.05
2015-10-05,1334.72
2015-10-06,1339.855
2015-10-07,1342.835
2015-10-08,1347.25
2015-10-09,1347.25
2015-10-12,1347.295
2015-10-13,1345.935
2015-10-14,1339.235
2015-10-15,1354.66
2015-10-16,1355.995
2015-10-19,1357.28
2015-10-20,1365.285
2015-10-21,1364.74
2015-10-22,1349.65
2015-10-23,1361.185
2015-10-26,1369.405
2015-10-27,1366.485
2015-10-28,1368.02
2015-10-29,1362.395
2015-10-30,1356.55
2015-11-02,1357.625
2015-11-03,1365.265
2015-11-04,1369.475
2015-11-05,1371.92
2015-11-06,1367.64
2015-11-09,1348.77
2015-11-10,1326.645
2015-11-11,1332.24
2015-11-12,1333.175
2015-11-13,1321.905
2015-11-16,1301.11
2015-11-17,1317.875
2015-11-18,1316.775
2015-11-19,1334.74
2015-11-20,1337.51
2015-11-23,1345.995
2015-11-24,1352.075
2015-11-25,1349.1
2015-11-26,1362.05
2015-11-27,1361.6
2015-11-30,1340.175
2015-12-01,1357.94
2015-12-02,1349.805
2015-12-03,1342.42
2015-12-04,1330.085
2015-12-07,1323.505
2015-12-08,1308.73
2015-12-09,1306.16
2015-12-10,1305.075
2015-12-11,1301.05
2015-12-14,1279.095
2015-12-15,1286.375
2015-12-16,1308.335
2015-12-17,1318.035
2015-12-18,1321.385
2015-12-21,1324.92
2015-12-22,1327.99
2015-12-23,1329.41
2015-12-24,1323.59
2015-12-25,1323.59
2015-12-28,1308.055
2015-12-29,1319.765
2015-12-30,1321.83
2015-12-31,1321.83
2016-01-01,1321.83
2016-01-04,1298.275
2016-01-05,1307.3
2016-01-06,1306.35
2016-01-07,1291.995
2016-01-08,1300.09
2016-01-11,1284.9
2016-01-12,1281.08
2016-01-13,1301.155
2016-01-14,1291.6
2016-01-15,1278.65
2016-01-18,1281.04
2016-01-19,1285.445
2016-01-20,1257.565
2016-01-21,1253.185
2016-01-22,1275.19
2016-01-25,1287.43
2016-01-26,1275.27
2016-01-27,1286.56
2016-01-28,1294.115
2016-01-29,1297.43
2016-02-01,1305.185
2016-02-02,1295.73
2016-02-03,1285.805
2016-02-04,1299.94
2016-02-05,1299.55
2016-02-08,1299.55
2016-02-09,1299.55
2016-02-10,1299.55
2016-02-11,1254.615
2016-02-12,1221.865
2016-02-15,1241.785
2016-02-16,1261.625
2016-02-17,1253.715
2016-02-18,1273.635
2016-02-19,1280.4
2016-02-22,1283.25
2016-02-23,1278.265
2016-02-24,1278.255
2016-02-25,1282.42
2016-02-26,1284.73
2016-02-29,1284.14
2016-03-01,1284.14
2016-03-02,1304.835
2016-03-03,1313.59
2016-03-04,1314.735
2016-03-07,1315.04
2016-03-08,1310.22
2016-03-09,1316.295
2016-03-10,1328.465
2016-03-11,1330.29
2016-03-14,1331.66
2016-03-15,1331.655
2016-03-16,1334.17
2016-03-17,1339.74
2016-03-18,1343.57
2016-03-21,1341.09
2016-03-22,1344.16
2016-03-23,1342.255
2016-03-24,1336.115
2016-03-25,1333.505
2016-03-28,1329.525
2016-03-29,1340.705
2016-03-30,1346.635
2016-03-31,1342.115
2016-04-01,1332.13
2016-04-04,1337.975
2016-04-05,1329.22
2016-04-06,1332.675
2016-04-07,1335.51
2016-04-08,1334.575
2016-04-11,1331.69
2016-04-12,1337.385
2016-04-13,1337.385
2016-04-14,1354.675
2016-04-15,1355.165
2016-04-18,1352.22
2016-04-19,1356.52
2016-04-20,1352.845
2016-04-21,1361.86
2016-04-22,1359.27
2016-04-25,1359.125
2016-04-26,1360.845
2016-04-27,1357.46
2016-04-28,1350.315
2016-04-29,1346.96
2016-05-02,1334.21
2016-05-03,1342.535
2016-05-04,1335.44
2016-05-05,1335.44
2016-05-06,1335.44
2016-05-09,1329.815
2016-05-10,1341.365
2016-05-11,1342.02
2016-05-12,1341.265
2016-05-13,1335.68
2016-05-16,1334.685
2016-05-17,1332.005
2016-05-18,1320.3
2016-05-19,1313.085
2016-05-20,1316.295
2016-05-23,1323.125
2016-05-24,1312.695
2016-05-25,1324.92
2016-05-26,1322.5
2016-05-27,1330.355
2016-05-30,1329.595
2016-05-31,1340.925
2016-06-01,1341.375
2016-06-02,1343.13
2016-06-03,1343.635
2016-06-06,1343.635
2016-06-07,1358.2
2016-06-08,1365.535
2016-06-09,1364.625
2016-06-10,1362.22
2016-06-13,1337.335
2016-06-14,1332.485
2016-06-15,1331.745
2016-06-16,1316.12
2016-06-17,1316.13
2016-06-20,1335.035
2016-06-21,1335.625
2016-06-22,1340.38
2016-06-23,1333.115
2016-06-24,1286.2
2016-06-27,1287.485
2016-06-28,1297.76
2016-06-29,1313.12
2016-06-30,1322.72
2016-07-01,1335.79
2016-07-04,1341.725
2016-07-05,1341.29
2016-07-06,1319.315
2016-07-07,1335.015
2016-07-08,1327.85
2016-07-11,1342.895
2016-07-12,1345.315
2016-07-13,1354.1
2016-07-14,1356.055
2016-07-15,1358.77
2016-07-18,1361.005
2016-07-19,1359.665
2016-07-20,1360.245
2016-07-21,1360.17
2016-07-22,1358.94
2016-07-25,1358.64
2016-07-26,1366.37
2016-07-27,1363.07
2016-07-28,1362.44
2016-07-29,1361.215
2016-08-01,1366.665
2016-08-02,1359.965
2016-08-03,1346.555
2016-08-04,1350.85
2016-08-05,1357.015
2016-08-08,1363.775
2016-08-09,1372.255
2016-08-10,1376.05
2016-08-11,1376.065
2016-08-12,1377.825
2016-08-15,1377.825
2016-08-16,1373.315
2016-08-17,1368.71
2016-08-18,1376.2
2016-08-19,1376.22
2016-08-22,1365.155
2016-08-23,1368.655
2016-08-24,1365.77
2016-08-25,1363.44
2016-08-26,1358.965
2016-08-29,1347.965
2016-08-30,1353.675
2016-08-31,1349.17
2016-09-01,1352.005
2016-09-02,1357.61
2016-09-05,1369.785
2016-09-06,1372.895
2016-09-07,1367.185
2016-09-08,1365.565
2016-09-09,1351.43
2016-09-12,1322.195
2016-09-13,1329.755
2016-09-14,1329.755
2016-09-15,1329.755
2016-09-16,1329.755
2016-09-19,1341.21
2016-09-20,1350.11
2016-09-21,1357.135
2016-09-22,1367.47
2016-09-23,1371.33
2016-09-26,1366.935
2016-09-27,1375.405
2016-09-28,1369.91
2016-09-29,1379.275
2016-09-30,1362.42
2016-10-03,1362.42
2016-10-04,1370.37
2016-10-05,1369.22
2016-10-06,1374.815
2016-10-07,1364.85
2016-10-10,1365.78
2016-10-11,1351.285
2016-10-12,1351.84
2016-10-13,1339.265
2016-10-14,1343.79
2016-10-17,1343.72
2016-10-18,1350.36
2016-10-19,1351.1
2016-10-20,1348.14
2016-10-21,1342.385
2016-10-24,1347.81
2016-10-25,1338.67
2016-10-26,1324.7
2016-10-27,1336.345
2016-10-28,1329.795
2016-10-31,1316.435
2016-11-01,1316.885
2016-11-02,1292.5
2016-11-03,1296.895
2016-11-04,1296.42
2016-11-07,1309.875
2016-11-08,1313.785
2016-11-09,1279.06
2016-11-10,1312.915
2016-11-11,1303.16
2016-11-14,1297.815
2016-11-15,1292.48
2016-11-16,1303.74
2016-11-17,1304.155
2016-11-18,1297.42
2016-11-21,1287.69
2016-11-22,1297.105
2016-11-23,1294.12
2016-11-24,1281.955
2016-11-25,1286.14
2016-11-28,1285.59
2016-11-29,1287.23
2016-11-30,1289.795
2016-12-01,1288.8
2016-12-02,1278.67
2016-12-05,1269.24
2016-12-06,1285.605
2016-12-07,1285.205
2016-12-08,1307.845
2016-12-09,1309.52
2016-12-12,1315.16
2016-12-13,1323.535
2016-12-14,1324.67
2016-12-15,1328.63
2016-12-16,1332.16
2016-12-19,1330.58
2016-12-20,1329.965
2016-12-21,1328.295
2016-12-22,1325.83
2016-12-23,1327.825
2016-12-26,1326.455
2016-12-27,1330.275
2016-12-28,1325.88
2016-12-29,1328.95
2016-12-30,1328.95
2017-01-02,1329.1
2017-01-03,1340.27
2017-01-04,1342.715
2017-01-05,1342.215
2017-01-06,1346.4
2017-01-09,1345.465
2017-01-10,1340.925
2017-01-11,1356.535
2017-01-12,1360.005
2017-01-13,1355.735
2017-01-16,1346.025
2017-01-17,1347.935
2017-01-18,1348.715
2017-01-19,1349.49
2017-01-20,1343.865
2017-01-23,1340.99
2017-01-24,1339.345
2017-01-25,1338.29
2017-01-26,1350.2
2017-01-27,1350.2
2017-01-30,1350.2
2017-01-31,1341.85
2017-02-01,1352.08
2017-02-02,1342.025
2017-02-03,1341.185
2017-02-06,1344.31
2017-02-07,1341.965
2017-02-08,1336.935
2017-02-09,1338.46
2017-02-10,1342.83
2017-02-13,1345.295
2017-02-14,1343.055
2017-02-15,1349.905
2017-02-16,1349.21
2017-02-17,1349.64
2017-02-20,1352.18
2017-02-21,1362.7
2017-02-22,1364
2017-02-23,1362.65
2017-02-24,1354.435
2017-02-27,1348.82
2017-02-28,1351.92
2017-03-01,1351.92
2017-03-02,1355.79
2017-03-03,1339.74
2017-03-06,1342.705
2017-03-07,1350.05
2017-03-08,1350.58
2017-03-09,1348.595
2017-03-10,1354.805
2017-03-13,1366.59
2017-03-14,1373.95
2017-03-15,1370.84
2017-03-16,1381.98
2017-03-17,1388.92
2017-03-20,1383.06
2017-03-21,1394.055
2017-03-22,1387.935
2017-03-23,1389.125
2017-03-24,1388.565
2017-03-27,1381.365
2017-03-28,1387.795
2017-03-29,1390.305
2017-03-30,1389.66
2017-03-31,1389.755
2017-04-03,1398.015
2017-04-04,1393.295
2017-04-05,1395.51
2017-04-06,1391.605
2017-04-07,1392.525
2017-04-10,1376.365
2017-04-11,1372.745
2017-04-12,1375.18
2017-04-13,1386.24
2017-04-14,1376.56
2017-04-17,1387.615
2017-04-18,1391.595
2017-04-19,1387.195
2017-04-20,1392.475
2017-04-21,1400
2017-04-24,1400.18
2017-04-25,1414.71
2017-04-26,1421.475
2017-04-27,1420.285
2017-04-28,1416.84
2017-05-01,1416.84
2017-05-02,1423.05
2017-05-03,1423.05
2017-05-04,1438.175
2017-05-05,1438.175
2017-05-08,1468.075
2017-05-09,1468.075
2017-05-10,1456.4
2017-05-11,1471.975
2017-05-12,1464.875
2017-05-15,1468.015
2017-05-16,1467.22
2017-05-17,1466.545
2017-05-18,1462.47
2017-05-19,1465.465
2017-05-22,1473.325
2017-05-23,1478.235
2017-05-24,1481.69
2017-05-25,1492.975
2017-05-26,1500.655
2017-05-29,1497.975
2017-05-30,1496.37
2017-05-31,1499.71
2017-06-01,1499.22
2017-06-02,1515.25
2017-06-05,1515.47
2017-06-06,1515.47
2017-06-07,1513.3
2017-06-08,1516.77
2017-06-09,1527.92
2017-06-12,1511.365
2017-06-13,1521.965
2017-06-14,1522.115
2017-06-15,1515.735
2017-06-16,1516.265
2017-06-19,1523.17
2017-06-20,1519.32
2017-06-21,1511.65
2017-06-22,1516.825
2017-06-23,1523.765
2017-06-26,1528.51
2017-06-27,1532.29
2017-06-28,1524.225
2017-06-29,1531.83
2017-06-30,1530.415
2017-07-03,1527.725
2017-07-04,1518.355
2017-07-05,1524.945
2017-07-06,1525.8
2017-07-07,1521.82
2017-07-10,1519.98
2017-07-11,1526.005
2017-07-12,1521.435
2017-07-13,1531.09
2017-07-14,1534.37
2017-07-17,1542.495
2017-07-18,1545.03
2017-07-19,1550.735
2017-07-20,1559.175
2017-07-21,1563.33
2017-07-24,1564.425
2017-07-25,1555.185
2017-07-26,1550.865
2017-07-27,1554.86
2017-07-28,1526.97
2017-07-31,1526.59
2017-08-01,1538.04
2017-08-02,1542.575
2017-08-03,1514.97
2017-08-04,1518.515
2017-08-07,1523.57
2017-08-08,1523.2
2017-08-09,1505.63
2017-08-10,1499.755
2017-08-11,1474.025
2017-08-14,1481.795
2017-08-15,1481.795
2017-08-16,1491.585
2017-08-17,1501.89
2017-08-18,1500.975
2017-08-21,1497.925
2017-08-22,1504.795
2017-08-23,1505.055
2017-08-24,1511.775
2017-08-25,1514.39
2017-08-28,1511.61
2017-08-29,1509.35
2017-08-30,1513.645
2017-08-31,1510.51
2017-09-01,1509.84
2017-09-04,1490.27
2017-09-05,1487.685
2017-09-06,1486.205
2017-09-07,1502.335
2017-09-08,1499.005
2017-09-11,1507.805
2017-09-12,1512.76
2017-09-13,1509.635
2017-09-14,1521.535
2017-09-15,1528.685
2017-09-18,1547.04
2017-09-19,1545.265
2017-09-20,1540.125
2017-09-21,1533.805
2017-09-22,1518.83
2017-09-25,1511.22
2017-09-26,1508.36
2017-09-27,1510.905
2017-09-28,1510.615
2017-09-29,1523.645
2017-10-02,1523.645
2017-10-03,1523.645
2017-10-04,1523.645
2017-10-05,1523.645
2017-10-06,1523.645
2017-10-09,1523.645
2017-10-10,1544.2
2017-10-11,1560.235
2017-10-12,1570.65
2017-10-13,1568.35
2017-10-16,1569.73
2017-10-17,1577.44
2017-10-18,1575.665
2017-10-19,1570.08
2017-10-20,1581.245
2017-10-23,1582.955
2017-10-24,1588.85
2017-10-25,1590.82
2017-10-26,1580.62
2017-10-27,1593.3
2017-10-30,1595.805
2017-10-31,1608.815
2017-11-01,1626.12
2017-11-02,1620.66
2017-11-03,1629.55
2017-11-06,1626.6
2017-11-07,1623.29
2017-11-08,1630.755
2017-11-09,1630.255
2017-11-10,1631.87
2017-11-13,1635.865
2017-11-14,1641.55
2017-11-15,1643.14
2017-11-16,1657.505
2017-11-17,1654.92
2017-11-20,1656.495
2017-11-21,1660.04
2017-11-22,1660.705
2017-11-23,1666.975
2017-11-24,1668.535
2017-11-27,1650.305
2017-11-28,1643.655
2017-11-29,1647.31
2017-11-30,1623.895
2017-12-01,1631.555
2017-12-04,1642.06
2017-12-05,1642.12
2017-12-06,1621.38
2017-12-07,1607.72
2017-12-08,1604.03
2017-12-11,1617.79
2017-12-12,1610.7
2017-12-13,1626.385
2017-12-14,1619.915
2017-12-15,1626.945
2017-12-18,1626.19
2017-12-19,1622.355
2017-12-20,1613.82
2017-12-21,1585.075
2017-12-22,1600.87
2017-12-25,1600.87
2017-12-26,1594.775
2017-12-27,1614.31
2017-12-28,1632.955
2017-12-29,1632.955
2018-01-01,1632.955
2018-01-02,1646.05
2018-01-03,1654.33
2018-01-04,1637.235
2018-01-05,1662.775
2018-01-08,1676.395
2018-01-09,1670.11
2018-01-10,1667.33
2018-01-11,1670.21
2018-01-12,1684.735
2018-01-15,1697.67
2018-01-16,1711.485
2018-01-17,1701.005
2018-01-18,1707
2018-01-19,1700.125
2018-01-22,1687.6
2018-01-23,1715.515
2018-01-24,1716.385
2018-01-25,1730.415
2018-01-26,1743.94
2018-01-29,1762.62
2018-01-30,1744.35
2018-01-31,1740.015
2018-02-01,1738.37
2018-02-02,1712.43
2018-02-05,1674.985
2018-02-06,1655.74
2018-02-07,1613.26
